,Generic Name,Cardiotoxicity Binary Rating,DermatologicalToxicity Binary Rating
0,(CHLOROPROCAINE HCI,Yes,Yes
1,"(COAGULATION FACTOR IX (RECOMBINANT), GLYCOPEGYLATED)",No,Yes
2,(SOTRADECOL) SODIUM TETRADECYL SULFATE,Yes,Yes
3,0.12% CHLORHEXIDINE GLUCONATE,No,Yes
4,0.25% BUPIVACAINE HCL; BUPIVACAINE HYDROCHLORIDE,Yes,Yes
5,0.5% LIDOCAINE HCL,Yes,Yes
6,0.9% SODIUM CHLORIDE,Yes,No
7,1% LIDOCAINE HCI,Yes,Yes
8,1% LIDOCAINE HCI; 2% LIDOCAINE HCI,Yes,Yes
9,2% LIDOCAINE HCI,Yes,No
10,25% DEXTROSE INFANT,No,Yes
11,3% SODIUM CHLORIDE,Yes,Yes
12,5% DEXTROSE,No,No
13,50% DEXTROSE,No,Yes
14,50% MAGNESIUM SULFATE,Yes,No
15,6% HETASTARCH IN 0.9% SODIUM CHLORIDE,Yes,Yes
16,68GA-DOTATATE,No,Yes
17,ABACAVIR,Yes,Yes
18,ABACAVIR SULFATE,Yes,Yes
19,ABALOPARATIDE,Yes,Yes
20,ABEMACICLIB,No,Yes
21,ABIRATERONE,Yes,Yes
22,ABIRATERONE ACETATE,Yes,Yes
23,ABROCITINIB,Yes,Yes
24,ACALABRUTINIB,Yes,Yes
25,ACAMPROSATE CALCIUM,No,Yes
26,ACAMPROSATE CALCIUM ENTERIC-COATED,No,Yes
27,ACARBOSE,No,Yes
28,ACEBUTOLOL HYDROCHLORIDE,Yes,Yes
29,ACETAMINOPHEN,No,Yes
30,ACETAZOLAMIDE,No,Yes
31,ACETAZOLAMIDE EXTENDED-RELEASE,No,Yes
32,ACETAZOLAMIDE SODIUM,No,Yes
33,ACETIC ACID,No,Yes
34,ACETOHYDROXAMIC ACID,No,Yes
35,ACETYLCHOLINE CHLORIDE,Yes,No
36,ACETYLCYSTEINE,No,Yes
37,ACETYLCYSTEINE INJECTION,No,Yes
38,ACETYLSALICYLIC ACID,No,Yes
39,ACITRETIN,Yes,Yes
40,ACYCLOVIR,No,Yes
41,ACYCLOVIR SODIUM,No,Yes
42,ADAGRASIB,Yes,No
43,ADALIMUMAB,Yes,Yes
44,ADALIMUMAB-AATY,Yes,Yes
45,ADALIMUMAB-ADAZ,Yes,Yes
46,ADALIMUMAB-AQVH,Yes,Yes
47,ADALIMUMAB-ATTO,Yes,Yes
48,ADALIMUMAB-BWWD,Yes,Yes
49,ADEFOVIR DIPIVOXIL,No,Yes
50,ADENOSINE,Yes,No
51,"ADENOSINE INJECTION, 6MG/2ML (3MG/ML) VIAL",Yes,No
52,"ADENOSINE INJECTION, SOLUTION",Yes,No
53,ADO-TRASTUZUMAB EMTANSINE,Yes,Yes
54,ADRENALIN (EPINEPHRINE),Yes,Yes
55,ADRENALIN(R),Yes,Yes
56,ADUCANUMAB,No,Yes
57,AFAMELANOTIDE,No,Yes
58,AFATINIB,Yes,Yes
59,AFLIBERCEPT,Yes,Yes
60,AGALSIDASE BETA,Yes,Yes
61,ALBENDAZOLE,No,Yes
62,ALBUMIN HUMAN,Yes,Yes
63,ALBUTEROL,Yes,Yes
64,ALBUTEROL SULFATE,Yes,Yes
65,ALCAFTADINE,No,Yes
66,ALCOHOL,Yes,No
67,ALDESLEUKIN,Yes,Yes
68,ALECTINIB HYDROCHLORIDE,Yes,Yes
69,ALEMTUZUMAB,Yes,Yes
70,ALENDRONATE SODIUM,No,Yes
71,ALENDRONATE SODIUM TABLET,No,Yes
72,ALFENTANIL HYDROCHLORIDE,Yes,Yes
73,ALFUZOSIN,Yes,Yes
74,ALFUZOSIN HCL,Yes,Yes
75,ALFUZOSIN HYDROCHLORIDE,Yes,Yes
76,ALGLUCOSIDASE ALFA,Yes,Yes
77,ALIROCUMAB,No,Yes
78,ALISKIREN,No,Yes
79,ALISKIREN HEMIFUMARATE,No,Yes
80,ALLOGENIC THYMOCYTE-DEPLETED THYMUS TISSUE-AGDC,No,Yes
81,ALLOPURINOL,No,Yes
82,ALLOPURINOL SODIUM,No,Yes
83,ALMOTRIPTAN,Yes,Yes
84,ALMOTRIPTAN MALATE,Yes,Yes
85,ALOGLIPTIN,Yes,Yes
86,ALOSETRON,No,Yes
87,ALOSETRON HYDROCHLORIDE,No,Yes
88,ALPELISIB,No,Yes
89,ALPRAZOLAM,No,Yes
90,ALPRAZOLAM C-IV,Yes,Yes
91,ALPROSTADIL,No,Yes
92,ALTEPLASE,Yes,Yes
93,AMANTADINE,Yes,Yes
94,AMANTADINE HCL,Yes,Yes
95,AMANTADINE HYDROCHLORIDE,Yes,Yes
96,AMBRISENTAN,Yes,Yes
97,AMIDATE(TM) ETOMIDATE,Yes,No
98,AMIFAMPRIDINE PHOSPHATE,Yes,Yes
99,AMIFOSTINE,Yes,Yes
100,AMIKACIN SULFATE,No,Yes
101,AMILORIDE HYDROCHLORIDE,Yes,Yes
102,AMINOCAPROIC ACID,Yes,Yes
103,AMINOLEVULINIC ACID HYDROCHLORIDE,No,Yes
104,AMINOPHYLLINE,Yes,Yes
105,AMIODARONE HCI,Yes,Yes
106,AMIODARONE HYDROCHLORIDE,Yes,Yes
107,AMISULPRIDE,Yes,No
108,AMITRIPTYLINE HCL,Yes,Yes
109,AMITRIPTYLINE HYDROCHLORIDE,Yes,Yes
110,AMIVANTAMAB,No,Yes
111,AMLODIPINE,Yes,No
112,AMLODIPINE BESYLATE,Yes,Yes
113,AMMONIA N 13,No,No
114,AMMONIA N-13,No,No
115,AMOXAPINE,Yes,Yes
116,AMOXICILLAN,No,Yes
117,AMOXICILLIN,No,Yes
118,AMOXICILLIN ORAL SUSP,No,Yes
119,"AMOXICILLIN POWDER, FOR SUSPENSION",No,Yes
120,"AMOXICILLIN TABLET, FILM COATED",No,Yes
121,AMPHETAMINE,Yes,Yes
122,AMPHETAMINE SULFATE,Yes,Yes
123,AMPHETAMINE SULFATE TABLETS,Yes,Yes
124,AMPHOTERICIN B,Yes,Yes
125,AMPICILLIN,No,Yes
126,AMPICILLIN INJECTION,No,Yes
127,AMPICILLIN SODIUM,No,Yes
128,AMPICILLIN; AMPICILLIN SODIUM,No,Yes
129,ANAGRELIDE,Yes,Yes
130,ANAGRELIDE HYDROCHLORIDE,Yes,Yes
131,ANAKINRA,No,Yes
132,ANASTROZOLE,Yes,Yes
133,ANASTROZOLE TABLETS,Yes,Yes
134,ANGIOTENSIN II,Yes,No
135,ANIDULAFUNGIN,No,Yes
136,ANIFROLUMAB,No,Yes
137,ANSUVIMAB,No,No
138,ANTI-INHIBITOR COAGULANT COMPLEX,Yes,Yes
139,ANTI-THYMOCYTE GLOBULIN (RABBIT),Yes,Yes
140,ANTICOAGULANT CITRATE PHOSPHATE DOUBLE DEXTROSE,No,No
141,ANTICOAGULANT SODIUM CITRATE SOLUTION,No,No
142,"ANTIHEMOPHILIC FACTOR (RECOMBINANT), FC-VWF-XTEN FUSION PROTEIN-EHTL",No,Yes
143,APADAMTASE ALFA,No,Yes
144,APALUTAMIDE,Yes,Yes
145,APIXABAN,No,Yes
146,APOMORPHINE HYDROCHLORIDE,Yes,Yes
147,APRACLONIDINE HYDROCHLORIDE,Yes,Yes
148,APRACLONIDINE HYDROCHLORIDE OPHTHALMIC SOLUTION,Yes,Yes
149,APREMILAST,No,Yes
150,APREPITANT,No,Yes
151,APROCITENTAN,No,Yes
152,ARGATROBAN,No,Yes
153,ARGININE HYDROCHLORIDE,No,Yes
154,ARIPIPRAZOLE,Yes,Yes
155,ARIPIPRAZOLE LAUROXIL,Yes,Yes
156,ARIPIPRAZOLE ORAL,Yes,Yes
157,ARIPIPRAZOLE ORALLY DISINTEGRATING,Yes,Yes
158,ARMODAFINIL,Yes,Yes
159,ARSENIC TRIOXIDE,Yes,Yes
160,ASCIMINIB,Yes,Yes
161,ASCORBIC ACID,No,Yes
162,ASENAPINE,Yes,Yes
163,ASENAPINE MALEATE,Yes,Yes
164,ASFOTASE ALFA,No,Yes
165,ASPARAGINASE ERWINIA CHRYSANTHEMI (RECOMBINANT)-RYWN,No,Yes
166,ATAZANAVIR,Yes,Yes
167,ATAZANAVIR SULFATE,Yes,Yes
168,ATENOLOL,Yes,Yes
169,ATEZOLIZUMAB,Yes,Yes
170,ATOGEPANT,No,Yes
171,ATOMOXETINE,Yes,Yes
172,ATOMOXETINE HYDROCHLORIDE,Yes,Yes
173,ATOMXETINE HYROCHLORIDE,Yes,Yes
174,ATORVALIQ,Yes,Yes
175,ATORVASTATIN,No,Yes
176,ATORVASTATIN CALCIUM,Yes,Yes
177,ATORVASTATIN CALCIUM TABLETS,No,Yes
178,"ATORVASTATIN CALCIUM, COATED",Yes,Yes
179,"ATORVASTATIN CALCIUM, FILM COATED",No,Yes
180,ATORVASTATIN FILM COATED,No,Yes
181,ATOVAQUONE,No,Yes
182,ATRACURIUM BESYLATE,Yes,Yes
183,ATROPINE,Yes,Yes
184,ATROPINE SULFATE,Yes,Yes
185,ATROPINE SULFATE INJECTION,Yes,Yes
186,AURANOFIN,No,Yes
187,AUTOLOGOUS CULTURED CHONDROCYTES,No,Yes
188,AVACINCAPTAD PEGOL,No,No
189,AVACOPAN,No,Yes
190,AVALGLUCOSIDASE ALFA,Yes,Yes
191,AVANAFIL,Yes,Yes
192,AVAPRITINIB,No,Yes
193,AVATROMBOPAG MALEATE,No,Yes
194,AVELUMAB,Yes,Yes
195,AXITINIB,Yes,Yes
196,AZACITIDINE,Yes,Yes
197,AZACITIDINE FOR,Yes,Yes
198,AZATHIOPRINE,No,Yes
199,AZATHIOPRINE SODIUM,No,Yes
200,AZELAIC ACID,No,Yes
201,AZELASTINE,No,Yes
202,AZELASTINE HCL,No,Yes
203,AZELASTINE HYDROCHLORIDE,No,Yes
204,AZELASTINE HYDROCHLORIDE OPHTHALMIC SOLUTION 0.05%,No,No
205,AZILSARTAN KAMEDOXOMIL,No,Yes
206,AZITHROMYCIN,Yes,Yes
207,AZITHROMYCIN DIHYDRATE,Yes,Yes
208,AZITHROMYCIN MONOHYDRATE,No,Yes
209,AZITHROMYCIN; AZITHROMYCIN DIHYDRATE,Yes,Yes
210,AZTREONAM,Yes,Yes
211,BACILLUS CALMETTE-GUERIN,No,Yes
212,BACITRACIN,No,Yes
213,BACLOFEN,No,Yes
214,BACLOFEN INJECTION,Yes,Yes
215,BACTERIOSTATIC SODIUM CHLORIDE,No,No
216,BACTERIOSTATIC WATER,No,No
217,BALOXAVIR MARBOXIL,No,Yes
218,BALSALAZIDE DISODIUM,Yes,Yes
219,BARICITINIB,Yes,Yes
220,BARIUM SULFATE,No,Yes
221,BASILIXIMAB,Yes,Yes
222,BECLOMETHASONE DIPROPIONATE,No,Yes
223,BECLOMETHASONE DIPROPIONATE MONOHYDRATE,No,Yes
224,BEDAQUILINE FUMARATE,Yes,Yes
225,BELANTAMAB,No,No
226,BELATACEPT,No,Yes
227,BELIMUMAB,No,Yes
228,BELINOSTAT,Yes,Yes
229,BELUMOSUDIL,No,Yes
230,BELZUTIFAN,No,Yes
231,BEMPEDOIC ACID,No,Yes
232,BENAZEPRIL HYDROCHLORIDE,Yes,Yes
233,BENAZEPRIL; BENAZEPRIL HYDROCHLORIDE,Yes,Yes
234,BENDAMUSTINE HCL,Yes,Yes
235,BENDAMUSTINE HYDROCHLORIDE,Yes,Yes
236,BENRALIZUMAB,No,Yes
237,BENZNIDAZOLE,No,Yes
238,BENZONATATE,Yes,Yes
239,BENZPHETAMINE HYDROCHLORIDE,Yes,Yes
240,BENZTROPINE,Yes,Yes
241,BENZTROPINE MESYLATE,Yes,Yes
242,BEPOTASTINE BESILATE,No,Yes
243,BEPOTASTINE BESILATE OPHTHALMIC SOLUTION 1.5%,No,Yes
244,BERACTANT,No,No
245,BEROTRALSTAT HYDROCHLORIDE,Yes,Yes
246,BESIFLOXACIN,No,No
247,BETAINE,No,Yes
248,BETAINE ANHYDROUS,No,Yes
249,BETAMETHASONE VALERATE,No,Yes
250,BETAXOLOL,Yes,Yes
251,BETAXOLOL HYDROCHLORIDE,Yes,Yes
252,BETHANECHOL CHLORIDE,Yes,Yes
253,BETHANECHOL CHLORIDE 10 MG; BETHANECHOL CHLORIDE 25 MG; BETHANECHOL CHLORIDE 5 MG; BETHANECHOL CHLORIDE 50 MG,Yes,Yes
254,BETIATIDE,No,Yes
255,BEVACIZUMAB,Yes,Yes
256,BEVACIZUMAB-ADCD,Yes,Yes
257,BEVACIZUMAB-AWWB,Yes,Yes
258,BEVACIZUMAB-BVZR,Yes,Yes
259,BEVACIZUMAB-MALY,Yes,Yes
260,BEXAGLIFLOZIN,No,Yes
261,BEXAROTENE,No,Yes
262,BEZLOTOXUMAB,Yes,No
263,BICALUTAMIDE,Yes,Yes
264,BICISATE DIHYDROCHLORIDE,No,Yes
265,BIMATOPROST,No,No
266,BIMEKIZUMAB,No,Yes
267,BINIMETINIB,Yes,Yes
268,BISOPROLOL FUMARATE,Yes,Yes
269,BIVALIRUDIN,Yes,No
270,BLEOMYCIN,Yes,Yes
271,BLEOMYCIN SULFATE,Yes,Yes
272,BLINATUMOMAB,No,Yes
273,BORTEXOMIB,Yes,Yes
274,BORTEZOMIB,Yes,Yes
275,BORTEZOMIB FOR INJECTION,Yes,Yes
276,BOSENTAN,Yes,Yes
277,BOSUTINIB,Yes,Yes
278,BOTULINUM TOXIN TYPE A,Yes,Yes
279,BREMELANOTIDE,Yes,Yes
280,BRENTUXIMAB VEDOTIN,No,Yes
281,BREXANOLONE,No,No
282,BREXPIPRAZOLE,Yes,Yes
283,BRIGATINIB,Yes,Yes
284,BRILLIANT BLUE G,No,No
285,BRIMONIDINE TARTRATE,Yes,Yes
286,"BRIMONIDINE TARTRATE OPHTHALMIC SOLUTION, 0.15%",Yes,Yes
287,BRINCIDOFOVIR,No,Yes
288,BRINZOLAMIDE,No,Yes
289,BRIVARACETAM,No,No
290,BRODALUMAB,No,Yes
291,BROLUCIZUMAB,Yes,Yes
292,BROMFENAC,No,No
293,BROMFENAC OPHTHALMIC SOLUTION 0.09%,No,No
294,BROMFENAC SODIUM,No,No
295,BROMOCRIPTINE MESYLATE,Yes,Yes
296,BUDESONIDE,No,Yes
297,BUFFERED PENICILLIN G POTASSIUM,Yes,Yes
298,BUMETANIDE,No,Yes
299,BUPIVACAINE,Yes,Yes
300,BUPIVACAINE HCI,Yes,Yes
301,BUPIVACAINE HCL,Yes,Yes
302,BUPIVACAINE HCL COLLAGEN-MATRIX,Yes,Yes
303,BUPIVACAINE HYDROCHLORIDE,Yes,Yes
304,BUPIVACAINE HYDROCHLORIDE IN DEXTROSE,Yes,Yes
305,"BUPIVACAINE HYDROCHLORIDE INJECTION, SOLUTION",Yes,Yes
306,BUPIVACAINE HYDROCHLORIDE WITH DEXTROSE,Yes,Yes
307,BUPIVICAINE HYDROCHLORIDE,Yes,Yes
308,BUPRENORPHINE,No,Yes
309,BUPRENORPHINE HCL,No,Yes
310,BUPRENORPHINE HYDROCHLORIDE,Yes,Yes
311,BUPRENORPHINE HYDROCHLORIDE SUBLINGUAL,No,Yes
312,BUPROPION,No,No
313,BUPROPION HCL,Yes,Yes
314,BUPROPION HCL ER,Yes,Yes
315,BUPROPION HCL ER (SR),Yes,Yes
316,BUPROPION HCL ER (XL),Yes,Yes
317,BUPROPION HYDROBROMIDE,Yes,Yes
318,BUPROPION HYDROCHLORIDE,Yes,Yes
319,BUPROPION HYDROCHLORIDE (XL),Yes,Yes
320,BUPROPION HYDROCHLORIDE SR,Yes,Yes
321,BUROSUMAB,No,Yes
322,BUSPIRONE,Yes,Yes
323,BUSPIRONE HCL,No,Yes
324,BUSPIRONE HYDROCHLORIDE,Yes,Yes
325,BUSULFAN,Yes,Yes
326,BUTOCONAZOLE NITRATE,No,Yes
327,BUTORPHANOL TARTRATE,Yes,Yes
328,C1 ESTERASE INHIBITOR RECOMBINANT,No,Yes
329,CABAZITAXEL,Yes,Yes
330,CABERGOLINE,Yes,Yes
331,CABOTEGRAVIR,No,Yes
332,CABOTEGRAVIR SODIUM,No,Yes
333,CABOZANTINIB,Yes,Yes
334,CAFFEINE CITRATE,Yes,Yes
335,CALASPARGASE PEGOL,Yes,Yes
336,CALCIFEDIOL,Yes,No
337,CALCITONIN SALMON,No,Yes
338,CALCITRIOL,Yes,Yes
339,CALCITRIOL 0.25 MCG,Yes,Yes
340,CALCITRIOL CAPSULES 0.25 MCG,Yes,Yes
341,CALCITRIOL CAPSULES 0.25 MCG; CALCITRIOL CAPSULES 0.5 MCG,Yes,Yes
342,CALCIUM ACETATE,Yes,Yes
343,CALCIUM ACETATE CAPSULES 667 MG,Yes,No
344,CALCIUM CHLORIDE,Yes,Yes
345,CALCIUM CHLORIDE INJECTION,Yes,Yes
346,CALCIUM GLUCONATE,Yes,Yes
347,CALFACTANT,No,No
348,CANAGLIFLOZIN,No,Yes
349,CANAKINUMAB,No,Yes
350,CANGRELOR,No,No
351,CANNABIDIOL,Yes,Yes
352,CAPECITABINE,Yes,Yes
353,CAPIVASERTIB,No,Yes
354,CAPLACIZUMAB,No,Yes
355,CAPMATINIB,No,Yes
356,CAPTOPRIL,Yes,Yes
357,CAPTOPRIL; CAPTORPIL,Yes,Yes
358,CAPTORPIL,Yes,Yes
359,CARBACHOL,Yes,Yes
360,CARBAMAZEPINE,Yes,Yes
361,CARBIDOPA,No,Yes
362,"CARBIDOPA TABLETS, 25 MG",Yes,Yes
363,CARBINOXAMINE MALEATE,Yes,Yes
364,CARBOPLATIN,Yes,Yes
365,CARBOPLATIN INJECTION,No,Yes
366,CARBOPROST TROMETHAMINE,Yes,Yes
367,CARFILZOMIB,Yes,Yes
368,CARGLUMIC ACID,No,Yes
369,CARIPRAZINE,Yes,Yes
370,CARISOPRODOL,No,No
371,CARMUSTINE,No,Yes
372,CAROSPIR,Yes,Yes
373,CARTEOLOL HYDROCHLORIDE,Yes,Yes
374,CARVEDILOL,Yes,Yes
375,CARVEDILOL PHOSPHATE,Yes,Yes
376,CASIMERSEN,No,Yes
377,CASPOFUNGIN ACETATE,No,Yes
378,CEFACLOR,No,Yes
379,CEFADROXIL,No,Yes
380,CEFADROXIL HEMIHYDRATE,No,Yes
381,CEFADROXIL MONOHYDRATE,No,Yes
382,CEFAZOLIN,No,Yes
383,CEFAZOLIN SODIUM,No,Yes
384,CEFDINIR,No,Yes
385,CEFDITOREN PIVOXIL,No,Yes
386,CEFEPIME,No,Yes
387,CEFEPIME HYDROCHLORIDE,No,Yes
388,CEFIDEROCOL SULFATE TOSYLATE,Yes,Yes
389,CEFIXIME,No,Yes
390,CEFOTAXIME,Yes,Yes
391,CEFOTETAN,No,Yes
392,CEFOTETAN DISODIUM,No,Yes
393,CEFOXITIN,No,Yes
394,CEFOXITIN SODIUM,No,Yes
395,CEFPODOXIME PROXETIL,No,Yes
396,CEFPROZIL,No,Yes
397,CEFTAROLINE FOSAMIL,No,Yes
398,CEFTAZIDIME,No,Yes
399,CEFTIBUTEN DIHYDRATE,No,Yes
400,CEFTRIAXONE,No,Yes
401,CEFTRIAXONE SODIUM,No,Yes
402,CEFUROXIME,No,Yes
403,CEFUROXIME AND DEXTROSE,Yes,Yes
404,CEFUROXIME AXETIL,No,Yes
405,CEFUROXIME SODIUM,No,Yes
406,CELEBREX,Yes,Yes
407,CELECOXIB,Yes,Yes
408,CEMIPLIMAB-RWLC,Yes,Yes
409,CENEGERMIN-BKBJ,No,No
410,CENOBAMATE,Yes,Yes
411,CEPHALEXIN,No,Yes
412,CERITINIB,Yes,Yes
413,CERLIPONASE ALFA,Yes,Yes
414,CERTOLIZUMAB PEGOL,Yes,Yes
415,CETIRIZINE,No,No
416,CETIRIZINE HYDROCHLORIDE,No,No
417,CETIRIZINE HYDROCHLORIDE ORAL SOLUTION,No,Yes
418,CETRORELIX ACETATE,No,Yes
419,CETRORELIX ACETATE FOR INJECTION,No,Yes
420,CETUXIMAB,Yes,Yes
421,CEVIMELINE,Yes,Yes
422,CEVIMELINE HYDROCHLORIDE,Yes,Yes
423,CHENODIOL,No,No
424,CHLORAMBUCIL,No,Yes
425,CHLORAMPHENICOL SODIUM SUCCINATE,No,Yes
426,CHLORDIAZEPOXIDE,No,No
427,CHLORDIAZEPOXIDE HYDROCHLORIDE,No,Yes
428,CHLORHEXIDINE GLUCONANTE,No,Yes
429,CHLORHEXIDINE GLUCONATE,No,Yes
430,CHLORHEXIDINE GLUCONATE 0.12% ORAL RINSE,No,Yes
431,CHLORHEXIDINE GLUCONATE ORAL RINSE,No,Yes
432,"CHLORHEXIDINE GLUCONATE, 0.12% ORAL RINSE",No,Yes
433,"CHLORHEXIDINE GLUCONATE, 0.12% ORAL RINSE SOLUTION",No,Yes
434,CHLOROPROCAINE HCI,Yes,Yes
435,CHLOROPROCAINE HYDROCHLORIDE,Yes,Yes
436,CHLOROPROCAINE HYDROCHLORIDE OPHTHALMIC GEL,No,No
437,CHLOROQUINE PHOSPHATE,Yes,Yes
438,CHLOROTHIAZIDE,Yes,Yes
439,CHLOROTHIAZIDE SODIUM,Yes,Yes
440,CHLORPROMAZINE,Yes,Yes
441,CHLORPROMAZINE HCI,Yes,Yes
442,CHLORPROMAZINE HYDROCHLORIDE,Yes,Yes
443,CHLORTHALIDONE,Yes,Yes
444,CHLORZOXAZONE,No,Yes
445,CHOLESTYRAMINE,No,Yes
446,CHOLESTYRAMINE FOR ORAL SUSPENSION,No,Yes
447,CHOLESTYRAMINE LIGHT,No,Yes
448,CHOLESTYRAMINE POWDER FOR SUSPENSION,No,Yes
449,CHOLEYSTYRAMINE LIGHT,No,Yes
450,CHOLIC ACID,No,Yes
451,CHOLINE C 11,No,No
452,CHOLINE C-11,No,No
453,CHORIOGONADOTROPIN ALFA,No,No
454,CHORIONIC GONADOTROPIN,No,Yes
455,CHROMIC CHLORIDE,No,No
456,CHROMIUM CHROMIC CHLORIDE,No,No
457,CICLESONIDE,No,Yes
458,CIDOFOVIR,No,Yes
459,CIDOFOVIR ANHYDROUS,No,Yes
460,CIDOFOVIR DIHYDRATE,No,Yes
461,CILOSTAZOL,Yes,Yes
462,CIMETIDINE,Yes,Yes
463,CIMETIDINE HYDROCHLORIDE,Yes,Yes
464,CIMETIDINE HYDROCHLORIDE ORAL SOLUTION,Yes,Yes
465,CINACALCET,Yes,Yes
466,CINACALCET HYDROCHLORIDE,Yes,Yes
467,CIPAGLUCOSIDASE ALFA-ATGA,Yes,Yes
468,CIPROFLOXACIN,No,Yes
469,CIPROFLOXACIN HCL,Yes,Yes
470,CIPROFLOXACIN HYDROCHLORIDE,No,Yes
471,CIPROFLOXACIN HYDROCHLORIDE SOLUTION,No,Yes
472,CIPROFLOXACIN HYDROCHLORIDE TABLET,Yes,Yes
473,CIPROFLOXACIN TABLETS,Yes,Yes
474,CIPROFLOXACIN; CIPROFLOXACIN HYDROCHLORIDE,Yes,Yes
475,CIPROFOLXACIN,Yes,Yes
476,CISATRACURIUM BESYLATE,No,Yes
477,CISPLATIN,Yes,Yes
478,CITALOPRAM,Yes,Yes
479,CITALOPRAM HYDROBROMIDE,Yes,Yes
480,CITALOPRAM; CITALOPRAM HYDROBROMIDE,Yes,Yes
481,CLADRIBINE,Yes,Yes
482,CLARITHROMYCIN,Yes,Yes
483,CLEMASTINE FUMARATE,Yes,Yes
484,CLEVIDIPINE,Yes,No
485,CLEVIPIDINE,Yes,No
486,CLINDAMYCIN,No,Yes
487,CLINDAMYCIN HCL,No,Yes
488,CLINDAMYCIN HYDROCHLORIDE,No,Yes
489,CLINDAMYCIN IN 5 PERCENT DEXTROSE,Yes,Yes
490,CLINDAMYCIN IN 5 PERCENT DEXTROSE; CLINDAMYCIN IN PERCENT DEXTROSE,Yes,Yes
491,CLINDAMYCIN PALMITATE HYDROCHLORIDE,No,Yes
492,CLINDAMYCIN PALMITATE HYDROCHLORIDE (PEDIATRIC),No,Yes
493,CLINDAMYCIN PHOSPHATE,Yes,Yes
494,CLOBAZAM,No,Yes
495,CLOBETASOL PROPIONATE,No,No
496,CLOFARABINE,Yes,Yes
497,CLOMIPHENE CITRATE,No,Yes
498,CLOMIPRAMINE HCL,Yes,Yes
499,CLOMIPRAMINE HYDROCHLORIDE,Yes,Yes
500,CLOMIPRAMINE HYDROCHLORIDE CAPSULES,Yes,Yes
501,CLONAZEPAM,No,Yes
502,CLONIDINE,Yes,Yes
503,CLONIDINE HCI,Yes,Yes
504,CLONIDINE HCL,Yes,Yes
505,CLONIDINE HYDROCHLORIDE,Yes,Yes
506,CLONIDINE TRANSDERMAL SYSTEM,Yes,Yes
507,CLOPIDOGREL,No,Yes
508,CLOPIDOGREL BISULFATE,No,Yes
509,CLOPIDOGREL BISULPHATE,No,Yes
510,CLORAZEPATE DIPOTASSIUM,No,Yes
511,CLOTRIMAZOLE,No,No
512,CLOZAPINE,Yes,Yes
513,COAGULATION FACTOR IX (RECOMBINANT),No,Yes
514,COAGULATION FACTOR VIIA RECOMBINANT HUMAN,No,Yes
515,COAGULATION FACTOR X HUMAN,No,Yes
516,COBICISTAT,Yes,Yes
517,COBIMETINIB,Yes,Yes
518,COCAINE HYDROCHLORIDE,Yes,No
519,CODEINE SULFATE,Yes,Yes
520,COLCHICINE,Yes,Yes
521,COLCHICINE TABLETS 0.5 MG,No,Yes
522,COLESEVELAM,Yes,Yes
523,COLESEVELAM HCL,Yes,Yes
524,COLESEVELAM HYDROCHLORIDE,Yes,Yes
525,COLESTIPOL HYDROCHLORIDE,No,Yes
526,COLISTIMETHATE,No,Yes
527,COLISTIMETHATE SODIUM,No,Yes
528,COLLAGENASE CLOSTRIDIUM HISTOLYTICUM,No,Yes
529,COLLAGENASE CLOSTRIDIUM HISTOLYTICUM-AAES,No,Yes
530,CONJUGATED ESTROGENS,Yes,Yes
531,COPANLISIB,Yes,Yes
532,COPPER,No,Yes
533,COPPER CU 64 DOTATATE,No,Yes
534,CORAL SNAKE (MICRURUS FULVIUS) IMMUNE GLOBULIN ANTIVENIN (EQUINE),No,Yes
535,CORTICORELIN OVINE TRIFLUTATE,Yes,Yes
536,CORTISONE ACETATE,Yes,Yes
537,CORTROSYN,No,Yes
538,COSYNTROPIN,No,Yes
539,CRIZANLIZUMAB,No,Yes
540,CRIZOTINIB,Yes,Yes
541,CROFELEMER,No,Yes
542,CROMOLYN SODIUM,No,Yes
543,CROMOLYN SODIUM INHALATION,No,Yes
544,CROMOLYN SODIUM ORAL SOLUTION (CONCENTRATE),Yes,Yes
545,CUPRIC CHLORIDE,No,No
546,CYANOCOBALAMIN,No,Yes
547,CYANOCOBALAMINE,Yes,Yes
548,CYANOCOBALAMINE INJECTION,Yes,Yes
549,CYCLOBENZAPRINE,Yes,Yes
550,CYCLOBENZAPRINE HCI; CYCLOBENZAPRINE HCL,Yes,Yes
551,CYCLOBENZAPRINE HCL,Yes,Yes
552,CYCLOBENZAPRINE HCL ER,Yes,Yes
553,CYCLOBENZAPRINE HYDROCHLORIDE,Yes,Yes
554,CYCLOBENZAPRINE; CYCLOBENZAPRINE HYDROCHLORIDE,Yes,Yes
555,CYCLOPENTOLATE HYDROCHLORIDE,Yes,Yes
556,CYCLOPHOSPHAMIDE,Yes,Yes
557,CYCLOSERINE,Yes,Yes
558,CYCLOSPORINE,Yes,Yes
559,CYCLOSPORINE OPHTHALMIC SOLUTION,No,No
560,CYPROHEPTADINE HYDROCHLORIDE,Yes,Yes
561,CYSTEAMINE BITARTRATE,No,Yes
562,CYSTEAMINE HYDROCHLORIDE,No,No
563,CYSTEINE HYDROCHLORIDE,No,Yes
564,CYTARABINE,Yes,Yes
565,DABIGATRAN ETEXILATE,Yes,Yes
566,DABIGATRAN ETEXILATE MESYLATE,Yes,Yes
567,DABRAFENIB,Yes,Yes
568,DACARBAZINE,No,Yes
569,DACOMITINIB,No,Yes
570,DACTINOMYCIN,No,Yes
571,DALBAVANCIN,No,Yes
572,DALFAMPRIDINE,No,Yes
573,DALTEPARIN SODIUM,No,Yes
574,DANAZOL,Yes,Yes
575,DANICOPAN,No,No
576,DANTROLENE,Yes,Yes
577,DANTROLENE SODIUM,Yes,Yes
578,DAPAGLIFLOZIN,No,Yes
579,DAPIPRAZOLE,No,Yes
580,DAPRODUSTAT,Yes,Yes
581,DAPSONE,No,Yes
582,DAPTOMYCIN,Yes,Yes
583,DAPTOMYCIN IN SODIUM CHLORIDE,No,Yes
584,DARATUMUMAB,Yes,Yes
585,DARBEPOETIN ALFA,Yes,Yes
586,DARIDOREXANT,No,Yes
587,DARIFENACIN,No,Yes
588,DARIFENACIN HYDROBROMIDE,No,Yes
589,DAROLUTAMIDE,Yes,Yes
590,DARUNAVIR,No,Yes
591,DARUNAVIR 600 MG; DARUNAVIR 800 MG,No,Yes
592,DARUNAVIR ETHANOLATE,No,Yes
593,DASATINIB,Yes,Yes
594,DASIGLUCAGON,Yes,Yes
595,DAUNORUBICIN HYDROCHLORIDE,Yes,Yes
596,DECITABINE,Yes,Yes
597,DECLOFENAC SODIUM,Yes,Yes
598,DEFERASIROX,No,Yes
599,DEFERASIROX ORAL,No,Yes
600,DEFERIPRONE,No,Yes
601,DEFEROXAMINE MESYLATE,Yes,Yes
602,DEFIBROTIDE SODIUM,No,Yes
603,DEFLAZACORT,Yes,Yes
604,DEFLAZACORT ORAL,Yes,Yes
605,DEGARELIX,Yes,Yes
606,DELAFLOXACIN MEGLUMINE,No,Yes
607,DEMECLOCYCLINE,No,Yes
608,DEMECLOCYCLINE HYDROCHLORIDE,No,Yes
609,DENOSUMAB,No,Yes
610,DEOXYCHOLIC ACID,No,Yes
611,DESIPRAMINE,Yes,Yes
612,DESIPRAMINE HCL,Yes,Yes
613,DESIPRAMINE HYDROCHLORIDE,Yes,Yes
614,DESLORATADINE,Yes,Yes
615,DESLORATIDINE,Yes,Yes
616,DESMOPRESSIN ACETATE,Yes,No
617,DESVENLAFAXINE,Yes,Yes
618,DESVENLAFAXINE ER,Yes,Yes
619,DESVENLAFAXINE SUCCINATE,Yes,Yes
620,DEUCRAVACITINIB,No,Yes
621,DEUTETRABENAZINE,Yes,No
622,DEXAMETHASONE,No,No
623,DEXAMETHASONE 1.5 MG,Yes,Yes
624,DEXAMETHASONE INTENSOL,Yes,Yes
625,DEXAMETHASONE SODIUM PHOSPHATE,Yes,Yes
626,DEXAMETHASONE; DEXAMETHASONE INTENSOL,Yes,Yes
627,DEXCHLORPHENIRAMINE MALEATE,No,Yes
628,DEXLANSOPRAZOLE,Yes,Yes
629,DEXMEDETOMIDINE,Yes,No
630,DEXMEDETOMIDINE HCL,Yes,Yes
631,DEXMEDETOMIDINE HYDROCHLORIDE,Yes,Yes
632,DEXMEDETOMIDINE HYDROCHLORIDE IN 0.9% SODIUM CHLORIDE,Yes,Yes
633,DEXMEDETOMIDINE HYDROCHLORIDE IN SODIUM CHLORIDE,Yes,Yes
634,DEXMEDETOMIDINE; DEXMEDETOMIDINE HYDROCHLORIDE IN 0.9% SODIUM CHLORIDE,Yes,Yes
635,DEXMETHYLPHENIDATE HYDROCHLORIDE,Yes,Yes
636,DEXRAZOXANE,No,Yes
637,DEXRAZOXANE FOR INJECTION,Yes,Yes
638,DEXRAZOXANE HYDROCHLORIDE,No,Yes
639,DEXTRAN 40,Yes,Yes
640,DEXTROAMPHETAMINE,Yes,Yes
641,DEXTROAMPHETAMINE SULFATE,Yes,Yes
642,DEXTROSE,Yes,No
643,DEXTROSE MONOHYDRATE,No,Yes
644,DIATRIZOATE MEGLUMINE,No,Yes
645,DIAZEPAM,Yes,Yes
646,DIAZEPAM INTENSOL,No,Yes
647,DIAZEPAM ORAL; DIAZEPAM ORAL SOLUTION (CONCENTRATE),No,Yes
648,DIAZOXIDE,Yes,Yes
649,DICHLORPHENAMIDE,No,Yes
650,DICLOFENAC,Yes,Yes
651,DICLOFENAC POTASSIUM,Yes,Yes
652,DICLOFENAC POTASSIUM TABLETS,Yes,Yes
653,"DICLOFENAC POTASSIUM, FILM COATED",Yes,Yes
654,DICLOFENAC SODIUM,Yes,Yes
655,DICLOFENAC SODIUM D/R,Yes,Yes
656,DICLOXACILLIN SODIUM,No,Yes
657,DICYCLOMINE,Yes,Yes
658,DICYCLOMINE HYDROCHLORIDE,Yes,Yes
659,DIDANOSINE,No,Yes
660,DIETHYLPROPION HYDROCHLORIDE,Yes,Yes
661,DIETHYLPROPION HYDROCHLORIDE ER,Yes,Yes
662,DIFELIKEFALIN,No,No
663,DIFLUNISAL,Yes,Yes
664,DIFLUPREDNATE,No,Yes
665,DIFLUPREDNATE OPHTHALMIC,No,Yes
666,DIGOXIN,Yes,Yes
667,DIHYDROERGOTAMINE,Yes,Yes
668,DIHYDROERGOTAMINE MESYLATE,Yes,Yes
669,DIHYDROERGOTAMINE MESYLATE NASAL,Yes,Yes
670,DILTIAZEM,Yes,Yes
671,DILTIAZEM HCI,Yes,Yes
672,DILTIAZEM HCL ER,Yes,Yes
673,DILTIAZEM HYDROCHLORIDE,Yes,Yes
674,DIMENHYDRINATE,Yes,Yes
675,DIMERCAPROL,Yes,Yes
676,DIMETHYL FUMARATE,No,Yes
677,DIMETHYL FUMARATE KIT; DIMETHYL-FUMARATE,No,Yes
678,DIMETHYL SULFOXIDE,No,No
679,DINOPROSTONE,Yes,No
680,DINUTUXIMAB,Yes,Yes
681,DIPHENHYDRAMINE HCI,Yes,Yes
682,DIPHENHYDRAMINE HYDROCHLORIDE,Yes,Yes
683,DIPRIVAN,Yes,Yes
684,DIPYRIDAMOLE,Yes,Yes
685,DIROXIMEL FUMARATE,No,Yes
686,DISOPYRAMIDE PHOSPHATE,Yes,Yes
687,DISULFIRAM,Yes,Yes
688,DIVALPROEX SODIUM,Yes,Yes
689,DIVALPROEX SODIUM ER,No,Yes
690,DOBUTAMINE,Yes,Yes
691,DOBUTAMINE HYDROCHLORIDE,Yes,Yes
692,DOBUTAMINE IN DEXTROSE,Yes,Yes
693,DOCETAXEL,Yes,Yes
694,DOCETAXEL ANHYDROUS,Yes,Yes
695,DOFETILIDE,Yes,Yes
696,DOLASETRON MESYLATE,Yes,Yes
697,DOLUTEGRAVIR SODIUM,No,Yes
698,DONEPEZIL,Yes,Yes
699,DONEPEZIL HYDROCHLORIDE,Yes,Yes
700,DONOR HUMAN STOOL,No,No
701,DOPAMINE HCI,Yes,Yes
702,DOPAMINE HCI IN 5% DEXTROSE,Yes,Yes
703,DOPAMINE HYDROCHLORIDE,Yes,Yes
704,DOPAMINE HYDROCHLORIDE IN DEXTROSE,Yes,Yes
705,DORAVIRINE,No,Yes
706,DORZOLAMIDE,No,Yes
707,DORZOLAMIDE HCL,No,Yes
708,DORZOLAMIDE HYDROCHLORIDE,No,Yes
709,DOSTARLIMAB,No,Yes
710,DOXAPRAM HYDROCHLORIDE,Yes,Yes
711,DOXAZOSIN,Yes,Yes
712,DOXAZOSIN MESYLATE,Yes,Yes
713,DOXAZOSIN; DOXAZOSIN MESYLATE,Yes,Yes
714,DOXEPIN,Yes,Yes
715,DOXEPIN HCL,Yes,Yes
716,DOXEPIN HYDROCHLORIDE,Yes,Yes
717,DOXEPIN HYDROCHLORIDE; DOXEPN HYDROCHLORIDE,Yes,Yes
718,DOXERCALCIFEROL,Yes,Yes
719,DOXORUBICIN HYDROCHLORIDE,Yes,Yes
720,DOXORUBICIN; DOXORUBICIN HYDROCHLORIDE,Yes,Yes
721,DOXY 100(TM) DOXYCYCLINE,No,Yes
722,DOXYCLYCLINE HYCLATE,No,Yes
723,DOXYCYCLINE,No,Yes
724,DOXYCYCLINE HYCLATE,No,Yes
725,DOXYCYCLINE MONOHYDRATE,No,Yes
726,DOXYCYCLINE; DOXYCYCLINE MONOHYDRATE,No,Yes
727,DRONABINOL,Yes,Yes
728,DRONEDARONE,Yes,Yes
729,DROPERIDOL,Yes,No
730,DROSPIRENONE,Yes,Yes
731,DROXIDOPA,Yes,Yes
732,DULAGLUTIDE,No,Yes
733,DULOXETIN HYDROCHLORIDE,Yes,Yes
734,DULOXETINE,Yes,Yes
735,DULOXETINE DELAYED-RELEASE CAPSULES,Yes,Yes
736,DULOXETINE HCL,Yes,Yes
737,DULOXETINE HYDROCHLORIDE,Yes,Yes
738,DUPILUMAB,Yes,Yes
739,DUREZOL,No,Yes
740,DURVALUMAB,Yes,Yes
741,DUTASTERIDE,Yes,Yes
742,DUVELISIB,No,Yes
743,ECALLANTIDE,No,Yes
744,ECHOTHIOPHATE IODIDE FOR OPHTHALMIC SOLUTION,Yes,Yes
745,ECULIZUMAB,No,Yes
746,EDARAVONE,No,Yes
747,EDETATE CALCIUM DISODIUM,Yes,Yes
748,EDOTREOTIDE GALLIUM GA-68,No,Yes
749,EDOXABAN TOSYLATE,No,Yes
750,EFAVIRENZ,No,Yes
751,EFBEMALENOGRASTIM ALFA-VUXW,No,Yes
752,EFGARTIGIMOD ALFA,No,Yes
753,EFLAPEGRASTIM-XNST,No,Yes
754,EFLORNITHINE HYDROCHLORIDE,No,Yes
755,ELACESTRANT,No,Yes
756,ELAGOLIX,No,Yes
757,ELAPEGADEMASE-LVLR,No,Yes
758,ELETRIPTAN HBR,Yes,Yes
759,ELETRIPTAN HYDROBROMIDE,Yes,Yes
760,ELIGLUSTAT,Yes,Yes
761,ELOSULFASE ALFA,No,Yes
762,ELOTUZUMAB,No,Yes
763,ELRANATAMAB-BCMM,Yes,Yes
764,ELTROMBOPAG,No,Yes
765,ELTROMBOPAG OLAMINE,No,Yes
766,ELUXADOLINE,No,Yes
767,EMAPALUMAB-LZSG,No,Yes
768,EMICIZUMAB,No,Yes
769,EMPAGLIFLOZIN,No,Yes
770,EMTRICITABINE,No,Yes
771,ENALAPRIL,Yes,Yes
772,ENALAPRIL MALEATE,Yes,Yes
773,ENALAPRIL MALEATE ORAL SOLUTION,Yes,Yes
774,ENALAPRILAT,Yes,Yes
775,ENASIDENIB MESYLATE,No,Yes
776,ENCORAFENIB,Yes,Yes
777,ENFORTUMAB VEDOTIN,No,Yes
778,ENFUVIRTIDE,No,Yes
779,ENOXAPARIN SODIUM,No,Yes
780,ENTACAPONE,Yes,Yes
781,ENTECAVIR,No,Yes
782,ENTRECTINIB,Yes,Yes
783,ENZALUTAMIDE,Yes,Yes
784,EPCORITAMAB-BYSP,Yes,Yes
785,EPHEDRINE HYDROCHLORIDE,Yes,No
786,EPHEDRINE SULFATE,Yes,No
787,EPINASTINE HYDROCHLORIDE,No,No
788,EPINEPHRINE,Yes,Yes
789,EPINEPHRINE CONVENIENCE KIT,No,No
790,EPINEPRINE,Yes,Yes
791,EPIRUBICIN HYDROCHLORIDE,Yes,Yes
792,EPLERENONE,Yes,Yes
793,EPLONTERSEN,Yes,Yes
794,EPOETIN ALFA,Yes,Yes
795,EPOETIN ALFA-EPBX,Yes,Yes
796,EPOPROSTENOL,Yes,Yes
797,EPTIFIBATIDE,No,No
798,EPTINEZUMAB-JJMR,No,Yes
799,ERAVACYCLINE,No,Yes
800,ERDAFITINIB,No,Yes
801,ERENUMAB-AOOE,Yes,Yes
802,ERGOCALCIFEROL,Yes,No
803,ERGOCALCIFEROL (VITAMIN D2),Yes,No
804,"ERGOCALCIFEROL CAPSULES,",Yes,No
805,ERGOTAMINE TARTRATE,Yes,Yes
806,ERIBULIN MESYLATE,No,No
807,ERLOTINIB,Yes,Yes
808,ERLOTINIB HYDROCHLORIDE,Yes,Yes
809,ERTAPENEM,No,Yes
810,ERTAPENEM SODIUM,No,Yes
811,ERTUGLIFLOZIN,No,Yes
812,ERYTHROMYCIN,No,Yes
813,ERYTHROMYCIN ETHYLSUCCINATE,Yes,Yes
814,ERYTHROMYCIN LACTOBIONATE,Yes,Yes
815,ERYTHROMYCIN STEARATE,Yes,Yes
816,ERYTHROPOIETIN,Yes,Yes
817,ESCITALOPRAM,Yes,Yes
818,ESCITALOPRAM ORAL,Yes,Yes
819,ESCITALOPRAM OXALATE,Yes,Yes
820,ESCITSLOPRAM,Yes,Yes
821,ESKETAMINE HYDROCHLORIDE,Yes,Yes
822,ESLICARBAZEPINE ACETATE,No,Yes
823,ESMOLOL,Yes,Yes
824,ESMOLOL HYDROCHLORIDE,Yes,Yes
825,ESMOLOL HYDROCHLORIDE IN SODIUM CHLORIDE,Yes,Yes
826,ESOMEPRAZOLE DR,No,Yes
827,ESOMEPRAZOLE MAGNESIUM,No,Yes
828,ESOMEPRAZOLE MAGNESIUM DELAYED RELEASE CAPSULES,No,Yes
829,ESOMEPRAZOLE SODIUM,No,Yes
830,ESOMEPRAZOLE STRONTIUM,Yes,Yes
831,ESTAZOLAM,No,Yes
832,ESTERIFIED ESTROGENS,Yes,Yes
833,ESTRADIOL,Yes,No
834,ESTRADIOL ACETATE,Yes,Yes
835,ESTRADIOL CYPIONATE,Yes,Yes
836,ESTRADIOL VALERATE,Yes,Yes
837,ESTRAMUSTINE PHOSPHATE SODIUM,Yes,Yes
838,"ESTROGENS, CONJUGATED",Yes,Yes
839,"ESTROGENS, ESTERIFIED",Yes,Yes
840,ESTROPIPATE,Yes,Yes
841,ESZOPICLONE,No,Yes
842,ETANERCEPT,Yes,Yes
843,ETELCALCETIDE,Yes,Yes
844,ETEPLIRSEN,No,Yes
845,ETHACRYNATE SODIUM,Yes,Yes
846,ETHACRYNIC ACID,Yes,Yes
847,ETHACRYNIC SODIUM,Yes,Yes
848,ETHAMBUTOL HYDROCHLORIDE,Yes,Yes
849,ETHANOLAMINE OLEATE,Yes,Yes
850,ETHIODIZED OIL,Yes,Yes
851,ETHIONAMIDE,No,Yes
852,ETHOSUXIMIDE,No,Yes
853,ETODOLAC,Yes,Yes
854,ETOMIDATE,No,No
855,ETOMIDATE INJECTION,Yes,No
856,"ETOMIDATE INJECTION, SOLUTION",Yes,No
857,ETONOGESTREL,Yes,Yes
858,ETOPOSIDE,No,Yes
859,ETOPOSIDE PHOSPHATE,No,Yes
860,ETRANACOGENE DEZAPARVOVEC,No,Yes
861,ETRASIMOD,Yes,Yes
862,ETRAVIRINE,No,Yes
863,EVEROLIMUS,Yes,Yes
864,EVEROLIMUS TABLETS,Yes,Yes
865,EVINACUMAB,No,Yes
866,EVOLOCUMAB,No,Yes
867,EVZIO(R) NALOXONE HCL,Yes,Yes
868,EXEMESTANE,Yes,Yes
869,EXENATIDE,No,Yes
870,EXTENDED PHENYTOIN SODIUM,Yes,Yes
871,EXTENDED PHENYTOIN SODIUM; PHENYTOIN SODIUM,Yes,Yes
872,EXTENDED-RELEASE,Yes,Yes
873,EZETIMIBE,No,Yes
874,FAM-TRASTUZUMAB DERUXTECAN-NXKI,Yes,Yes
875,FAMCICLOVIR,No,Yes
876,FAMOTIDINE,Yes,Yes
877,FARICIMAB,Yes,Yes
878,FEBUXOSTAT,Yes,Yes
879,FEBUXOSTAT TABLETS 40 MG; FEBUXOSTAT TABLETS 80 MG,Yes,Yes
880,"FECAL MICROBIOTA SPORES, LIVE-BRPK",No,No
881,FEDRATINIB HYDROCHLORIDE,Yes,No
882,FELBAMATE,Yes,Yes
883,FELODIPINE,Yes,Yes
884,FELODIPINE EXTENDED-RELEASE TABLETS,Yes,Yes
885,FENFLURAMINE,Yes,Yes
886,FENOFIBRATE,Yes,Yes
887,FENOFIBRIC ACID,Yes,Yes
888,FENOPROFEN,Yes,Yes
889,FENOPROFEN CALCIUM,Yes,Yes
890,FENTANYL,Yes,Yes
891,FENTANYL CITRATE,Yes,Yes
892,FENTANYL TRANSDERMAL,Yes,Yes
893,FENTANYL TRANSDERMAL SYSTEM,Yes,Yes
894,FERRIC CARBOXYMALTOSE; FERRIC CARBOXYMALTOSE INJECTION,Yes,Yes
895,FERRIC CITRATE,No,No
896,FERRIC DERISOMALTOSE,Yes,Yes
897,FERRIC MALTOL,No,No
898,FERRIC PYROPHOSPHATE CITRATE,No,Yes
899,FERRIC PYROPHOSPHATE; FERRIC PYROPHOSPHATE CITRATE,No,Yes
900,FERUMOXYTOL,Yes,Yes
901,FESOTERODINE FUMARATE,Yes,Yes
902,FEXINIDAZOLE,Yes,Yes
903,FEXOFENADINE HCL,No,Yes
904,FEXOFENADINE HYDROCHLORIDE,No,Yes
905,FEZOLINETANT,No,No
906,FIDANACOGENE ELAPARVOVEC-DZKT,No,No
907,FIDAXOMICIN,No,Yes
908,FILGRASTIM,No,Yes
909,FILGRASTIM-AAFI,No,Yes
910,FILGRASTIM-SNDZ,No,Yes
911,FINASTERIDE,No,Yes
912,FINERENONE,No,No
913,FINGOLIMOD,Yes,Yes
914,FINGOLIMOD HCL,Yes,Yes
915,FINGOLIMOD HYDROCHLORIDE,Yes,Yes
916,FINGOLIMOD LAURYL SULFATE,Yes,Yes
917,FISH OIL,No,Yes
918,FLAVOXATE HYDROCHLORIDE,Yes,Yes
919,FLECAINIDE,Yes,Yes
920,FLECAINIDE ACETATE,Yes,Yes
921,FLECAINIDE ACETATE TABLET,Yes,Yes
922,FLIBANSERIN,Yes,Yes
923,FLORBETABEN F 18,No,Yes
924,FLORBETAPIR F 18,No,Yes
925,FLORTAUCIPIR F-18,No,No
926,FLOTUFOLASTAT F-18,No,No
927,FLOXURIDINE,Yes,Yes
928,FLUCICLOVINE F-18,No,Yes
929,FLUCONAZOLE,Yes,Yes
930,FLUCONAZOLE IN SODIUM CHLORIDE,Yes,Yes
931,"FLUCONAZOLE, SODIUM CHLORIDE",Yes,Yes
932,FLUCYTOSINE,Yes,Yes
933,FLUDARABINE PHOSPHATE,Yes,Yes
934,FLUDEOXYGLUCOSE F 18,No,Yes
935,FLUDEOXYGLUCOSE F 18 INJECTION,No,No
936,FLUDEOXYGLUCOSE F-18,No,Yes
937,FLUDEOXYGLUCOSE F-18 INJECTION,No,No
938,FLUDEOXYGLUCOSE F18,No,Yes
939,FLUDROCORTISONE ACETATE,Yes,Yes
940,FLUMAZENIL,Yes,Yes
941,FLUNISOLIDE,No,Yes
942,FLUOCINOLONE ACETONIDE,No,Yes
943,FLUOCINOLONE ACETONIDE OIL,No,Yes
944,"FLUOCINOLONE ACETONIDE OIL, 0.01% (EAR DROPS)",No,Yes
945,FLUORESCEIN,Yes,Yes
946,FLUORESCEIN SODIUM,Yes,Yes
947,FLUORODOPA F18,No,No
948,FLUOROESTRADIOL F 18,No,No
949,FLUOROMETHOLONE,No,Yes
950,FLUOROMETHOLONE ACETATE,No,Yes
951,FLUOROURACIL,No,Yes
952,FLUOXETINE,Yes,Yes
953,FLUOXETINE CAPSULES,Yes,Yes
954,FLUOXETINE HCL,Yes,Yes
955,FLUOXETINE HYDROCHLORIDE,Yes,Yes
956,FLUOXETINE; FLUOXETINE HYDROCHLORIDE,Yes,Yes
957,FLUPHENAZINE DECANOATE,Yes,Yes
958,FLUPHENAZINE HYDROCHLORIDE,Yes,Yes
959,FLURAZEPAM HYDROCHLORIDE,No,Yes
960,FLURBIPROFEN,Yes,Yes
961,FLURBIPROFEN SODIUM,No,No
962,FLUTAMIDE,Yes,Yes
963,FLUTEMETAMOL F-18,No,Yes
964,FLUTICASONE,No,Yes
965,FLUTICASONE FUROATE,No,Yes
966,FLUTICASONE PROPIONATE,No,Yes
967,FLUVASTATIN,No,Yes
968,FLUVASTATIN SODIUM,No,Yes
969,FLUVOXAMINE MALEATE,No,Yes
970,FOLIC ACID,No,Yes
971,FOLLITROPIN,No,Yes
972,FOLLITROPIN ALFA,No,Yes
973,FOMEPIZOLE,Yes,Yes
974,FONDAPARINUX SODIUM,No,Yes
975,FOSAMPRENAVIR CALCIUM,Yes,Yes
976,FOSAPREPITANT,No,Yes
977,FOSAPREPITANT DIMEGLUMINE,No,Yes
978,FOSCARNET SODIUM,Yes,Yes
979,FOSDENOPTERIN HYDROBROMIDE,No,Yes
980,FOSFOMYCIN TROMETHAMINE,No,Yes
981,FOSINOPIRL SODIUM,Yes,Yes
982,FOSINOPIRL SODIUM; FOSINOPRIL SODIUM,Yes,Yes
983,FOSINOPRIL,Yes,Yes
984,FOSINOPRIL SODIUM,Yes,Yes
985,FOSPHENYTOIN,Yes,Yes
986,FOSPHENYTOIN SODIUM,Yes,Yes
987,FOSTAMATINIB,Yes,Yes
988,FOSTEMSAVIR TROMETHAMINE,Yes,Yes
989,FREMANEZUMAB-VFRM,No,Yes
990,FROVATRIPTAN SUCCINATE,Yes,Yes
991,FRUQUINTINIB,Yes,Yes
992,FULVESTRANT,No,Yes
993,FUROSEMIDE,Yes,Yes
994,FUROSEMIDE INJECTION 80 MG/ 10 ML,No,Yes
995,FUTIBATINIB,No,Yes
996,GABAPENTIN,No,Yes
997,GABAPENTIN ENACARBIL,No,Yes
998,GADOBENATE DIMEGLUMINE,Yes,Yes
999,GADOBUTROL,No,Yes
1000,GADODIAMIDE,Yes,Yes
1001,GADOPICLENOL,No,Yes
1002,GADOTERATE MEGLUMINE,Yes,Yes
1003,GADOTERIDOL,Yes,Yes
1004,GADOXETATE DISODIUM,Yes,Yes
1005,GALANTAMINE,Yes,Yes
1006,GALANTAMINE HYDROBROMIDE,Yes,Yes
1007,GALCANEZUMAB-GNLM,No,Yes
1008,GALLIUM CITRATE GA-67,No,Yes
1009,GALLIUM GA-68 GOZETOTIDE,No,No
1010,GALLIUM NITRATE,No,Yes
1011,GALSULFASE,Yes,Yes
1012,GANAXOLONE,No,No
1013,GANCICLOVIR,No,No
1014,GANCICLOVIR SODIUM,Yes,Yes
1015,GANIRELIX ACETATE,No,Yes
1016,GATIFLOXACIN,No,Yes
1017,GAUNFACINE,Yes,Yes
1018,GEFITINIB,No,Yes
1019,GEMCITABINE,Yes,Yes
1020,GEMCITABINE HYDROCHLORIDE,Yes,Yes
1021,GEMFIBROZIL,Yes,Yes
1022,GEMIFLOXACIN MESYLATE,Yes,Yes
1023,GEMTUZUMAB OZOGAMICIN,Yes,Yes
1024,GENTAMICIN,No,Yes
1025,GENTAMICIN SULFATE,No,Yes
1026,GENTAMICIN SULFATE OPTH SOLUTION,No,Yes
1027,GEPIRONE,Yes,Yes
1028,GILTERITINIB,Yes,Yes
1029,GIVINOSTAT,Yes,Yes
1030,GIVOSIRAN SODIUM,No,Yes
1031,GLASDEGIB,Yes,Yes
1032,GLATIRAMER,Yes,Yes
1033,GLATIRAMER ACETATE,Yes,Yes
1034,GLIMEPIRIDE,Yes,Yes
1035,GLIPIZIDE,Yes,Yes
1036,GLIPIZIDE ER,Yes,Yes
1037,GLOFITAMAB,No,Yes
1038,GLUCAGON,Yes,Yes
1039,GLUCAGON HYDROCHLORIDE,Yes,Yes
1040,"GLUCAGON INJECTION, SOLUTION",Yes,Yes
1041,GLUCAGON KIT,Yes,Yes
1042,GLUCARPIDASE,No,Yes
1043,GLUTAMINE,No,No
1044,GLYBURIDE,Yes,Yes
1045,GLYCEROL PHENYLBUTYRATE,No,Yes
1046,GLYCINE,Yes,Yes
1047,GLYCOPYRROLATE,Yes,Yes
1048,GLYCOPYRROLATE ORAL SOLUTION,Yes,Yes
1049,GLYCOPYRROLATE ORALLY DISINTEGRATING TABLETS,Yes,Yes
1050,GOLIMUMAB,Yes,Yes
1051,GOLODIRSEN,No,Yes
1052,"GONADOTROPHIN, CHORIONIC",No,Yes
1053,GOSERELIN,Yes,Yes
1054,GOSERELIN ACETATE,Yes,Yes
1055,GRANISETRON,Yes,Yes
1056,GRANISETRON HYDROCHLORIDE,Yes,Yes
1057,GRANULES FOR ORAL,No,Yes
1058,GRANULES FOR ORAL SOLUTION,No,Yes
1059,GRISEOFULVIN,No,Yes
1060,GRISEOFULVIN (MICROSIZE),No,Yes
1061,GRISOFULVIN,No,Yes
1062,GUANFACINE,Yes,Yes
1063,GUANFACINE ER,Yes,Yes
1064,GUANFACINE HYDROCHLORIDE,Yes,Yes
1065,GUSELKUMAB,No,Yes
1066,HALOPERIDOL,Yes,Yes
1067,HALOPERIDOL DECANOATE,Yes,Yes
1068,HALOPERIDOL LACTATE,Yes,Yes
1069,HEMIN,No,Yes
1070,HEPARIN SODIUM,No,Yes
1071,HEPARIN SODIUM IN SODIUM CHLORIDE,Yes,Yes
1072,HEPARIN SODIUM INJECTION,No,Yes
1073,HEPATITIS B IMMUNE GLOBULIN (HUMAN),No,Yes
1074,HEPATITIS B IMMUNE GLOBULIN INTRAVENOUS (HUMAN),No,Yes
1075,HEPATITIS B VACCINE (RECOMBINANT),No,Yes
1076,HETASTARCH,Yes,Yes
1077,HEXAMINOLEVULINATE HYDROCHLORIDE,No,Yes
1078,HISTAMINE,Yes,Yes
1079,HISTRELIN ACETATE,No,Yes
1080,HUMAN BOTULINUM NEUROTOXIN A/B IMMUNE GLOBULIN,No,Yes
1081,HUMAN IMMUNOGLOBULIN G,Yes,Yes
1082,HUMAN SECRETIN,No,No
1083,HUMAN VARICELLA-ZOSTER IMMUNE GLOBULIN,No,Yes
1084,HYALURONIC ACID,No,No
1085,HYALURONIDASE,No,Yes
1086,HYALURONIDASE (HUMAN RECOMBINANT),No,Yes
1087,"HYALURONIDASE, OVINE",No,Yes
1088,HYDRALAZINE HCL,Yes,Yes
1089,HYDRALAZINE HYDROCHLORIDE,Yes,Yes
1090,HYDROCHLOROTHIAZIDE,Yes,Yes
1091,HYDROCODONE BITARTRATE,Yes,Yes
1092,HYDROCORTISONE,Yes,Yes
1093,HYDROCORTISONE SODIUM SUCCINATE,Yes,Yes
1094,HYDROMORPHONE HYDROCHLORIDE,No,Yes
1095,HYDROXOCOBALAMIN,Yes,Yes
1096,HYDROXYCHLOROQUINE SULFATE,Yes,Yes
1097,HYDROXYCHLOROQUINESULFATE,Yes,Yes
1098,HYDROXYPROGESTERONE CAPROATE,Yes,Yes
1099,HYDROXYPROPYL CELLULOSE,No,No
1100,HYDROXYUREA,No,Yes
1101,HYDROXYZINE,Yes,Yes
1102,HYDROXYZINE HCL,Yes,Yes
1103,HYDROXYZINE HCL; HYDROXYZINE HYDROCHLORIDE,Yes,Yes
1104,HYDROXYZINE HYDROCHLORIDE,Yes,Yes
1105,HYDROXYZINE PAMOATE,Yes,Yes
1106,I. V. FAT EMULSION,No,No
1107,I.V. FAT EMULSION,No,Yes
1108,IBALIZUMAB,No,Yes
1109,IBREXAFUNGERP,No,Yes
1110,IBRITUMOMAB TIUXETAN,Yes,Yes
1111,IBRUTINIB,Yes,Yes
1112,IBU,Yes,Yes
1113,IBUOROFEN,Yes,Yes
1114,IBUOROFEN; IBUPROFEN,Yes,Yes
1115,IBUPROFEN,Yes,Yes
1116,IBUPROFEN LYSINE,No,Yes
1117,IBUPROFEN ORAL,Yes,Yes
1118,IBUTILIDE FUMARATE,Yes,No
1119,ICATIBANT,Yes,Yes
1120,ICATIBANT ACETATE,Yes,Yes
1121,ICOSAPENT ETHYL,Yes,No
1122,IDARUBICIN HYDROCHLORIDE,Yes,Yes
1123,IDARUCIZUMAB,No,Yes
1124,IDELALISIB,No,Yes
1125,IDURSULFASE,Yes,Yes
1126,IFOSFAMIDE,Yes,Yes
1127,ILOPERIDONE,Yes,Yes
1128,ILOPROST,Yes,No
1129,IMATINIB,Yes,Yes
1130,IMATINIB MESYLATE,Yes,Yes
1131,IMIGLUCERASE,Yes,Yes
1132,IMIPRAMINE HYDROCHLORIDE,Yes,Yes
1133,IMIPRAMINE PAMOATE,Yes,Yes
1134,IMMUNE GLOBULIN,Yes,Yes
1135,IMMUNE GLOBULIN INTRAVENOUS (HUMAN) 10%,Yes,Yes
1136,INCLISIRAN,No,Yes
1137,INCOBOTULINUMTOXINA,No,Yes
1138,INDAPAMIDE,Yes,Yes
1139,INDIGOTINDISULFONATE SODIUM,Yes,Yes
1140,INDINAVIR SULFATE,Yes,Yes
1141,INDIUM IN 111 CHLORIDE,No,No
1142,INDIUM IN-111 OXYQUINOLINE,No,Yes
1143,INDIUM IN-111 PENTETATE DISODIUM,No,No
1144,INDOCYANINE GREEN,No,Yes
1145,INDOMETHACIN,Yes,Yes
1146,INDOMETHACIN EXTENDED-RELEASE,Yes,Yes
1147,INEBILIZUMAB,No,Yes
1148,INFIGRATINIB,No,Yes
1149,INFLIXIMAB,Yes,Yes
1150,INFLIXIMAB-AXXQ,Yes,Yes
1151,INFLIXIMAB-DYYB,Yes,Yes
1152,INOTERSEN,Yes,Yes
1153,INOTUZUMAB OZOGAMICIN,Yes,Yes
1154,INSULIN ASPART,No,Yes
1155,INSULIN ASPART; INSULIN ASPART INJECTION,No,Yes
1156,INSULIN DEGLUDEC,No,Yes
1157,INSULIN DETEMIR,No,Yes
1158,INSULIN GLARGIN; INSULIN GLARGINE,No,Yes
1159,INSULIN GLARGINE,Yes,Yes
1160,INSULIN GLARGINE-AGLR,No,Yes
1161,INSULIN GLARGINE-YFGN,Yes,Yes
1162,INSULIN GLULISINE,Yes,Yes
1163,INSULIN HUMAN,Yes,Yes
1164,INSULIN LISPRO,No,Yes
1165,INSULIN LISPRO-AABC,No,Yes
1166,INTERFERON ALFA-N3,No,No
1167,INTERFERON BETA-1A,Yes,Yes
1168,INTERFERON BETA-1B,Yes,Yes
1169,INTERFERON GAMMA-1B,Yes,Yes
1170,INTRALIPID,No,No
1171,IOBENGUANE I-123,Yes,Yes
1172,IODINATED I-125 ALBUMIN,No,No
1173,IODINATED I-131 ALBUMIN,No,No
1174,IODIXANOL,Yes,Yes
1175,IOFLUPANE I-123,No,Yes
1176,IOHEXOL,Yes,Yes
1177,IOPAMIDOL,Yes,Yes
1178,IOPROMIDE,Yes,Yes
1179,IOTHALAMATE MEGLUMINE,Yes,Yes
1180,IOVERSOL,Yes,Yes
1181,IPILIMUMAB,Yes,Yes
1182,IPRATROPIUM BROMIDE,Yes,Yes
1183,IPTACOPAN,No,Yes
1184,IRBESARTAN,No,Yes
1185,IRINOTECAN HYDROCHLOIDE,Yes,Yes
1186,IRINOTECAN HYDROCHLOIDE; IRINOTECAN HYDROCHLORIDE,Yes,Yes
1187,IRINOTECAN HYDROCHLORIDE,Yes,Yes
1188,IRON DEXTRAN,Yes,Yes
1189,IRON SUCROSE,Yes,Yes
1190,ISATUXIMAB,Yes,Yes
1191,ISAVUCONAZONIUM SULFATE,Yes,Yes
1192,ISENTRESS,No,Yes
1193,ISOCARBOXAZID,Yes,Yes
1194,ISONIAZID,No,Yes
1195,ISOPROTERENOL HYDROCHLORIDE,Yes,Yes
1196,ISOSORBIDE DINITRATE,Yes,No
1197,ISOSORBIDE MONONITRATE,Yes,Yes
1198,ISOSULFAN BLUE,No,Yes
1199,ISOTRETINOIN,Yes,Yes
1200,ISRADIPINE,Yes,Yes
1201,ISTRADEFYLLINE,No,Yes
1202,ITRACONAZOLE,Yes,Yes
1203,IVABRADINE,Yes,Yes
1204,IVACAFTOR,No,Yes
1205,IVERMECTIN,No,Yes
1206,IVOSIDENIB,Yes,Yes
1207,IXABEPILONE,Yes,Yes
1208,IXAZOMIB,No,Yes
1209,IXEKIZUMAB,No,Yes
1210,KETAMINE HYDROCHLORIDE,Yes,Yes
1211,KETOCONAZOLE,Yes,Yes
1212,KETOPROFEN,Yes,Yes
1213,KETOROLAC TROMETHAMINE,No,No
1214,KETOTOLAC TROMETHAMINE,Yes,Yes
1215,KIT FOR THE PREPARATION OF GALLIUM GA 68 GOZETOTIDE,No,No
1216,KIT FOR THE PREPARATION OF GALLIUM GA 68 GOZETOTIDE INJECTION,No,No
1217,KIT FOR THE PREPARATION OF TECHNETIUM TC 99M ALBUMIN AGGREGATED,Yes,Yes
1218,KIT FOR THE PREPARATION OF TECHNETIUM TC 99M EXAMETAZIME FOR LEUKOCYTE LABELING,No,Yes
1219,KIT FOR THE PREPARATION OF TECHNETIUM TC 99M MEBROFENIN,No,Yes
1220,KIT FOR THE PREPARATION OF TECHNETIUM TC99M SESTAMIBI,Yes,Yes
1221,LABETALOL,Yes,Yes
1222,LABETALOL HCL,Yes,Yes
1223,LABETALOL HYDROCHLORIDE,Yes,Yes
1224,LACOSAMIDE,Yes,Yes
1225,LACOSAMIDE ORAL SOLUTION,Yes,Yes
1226,LACTULOSE,No,No
1227,"LACTULOSE SOLUTION USP, 10 G/15 ML",No,No
1228,LAMIVUDINE,No,Yes
1229,LAMIVUDINE ORAL,No,Yes
1230,LAMOTIRIGINE,No,No
1231,LAMOTRIGINE,Yes,Yes
1232,LAMOTRIGINE CHEWABLE DISPERSIBLE,Yes,Yes
1233,LAMOTRIGINE ER,Yes,Yes
1234,LAMOTRIGINE EXTENDED RELEASE,Yes,Yes
1235,LAMOTRIGINE EXTENDED-RELEASE,Yes,Yes
1236,LANADELUMAB-FLYO,No,Yes
1237,LANREOTIDE ACETATE,Yes,Yes
1238,LANSOPRAZOLE,Yes,Yes
1239,LANTHANUM CARBONATE,No,Yes
1240,LAPATINIB,Yes,Yes
1241,LARONIDASE,Yes,Yes
1242,LAROTRECTINIB,No,Yes
1243,LASMIDITAN,Yes,Yes
1244,LATANOPROST,Yes,Yes
1245,LATANOPROST OPHTHALMIC SOLUTION 0.005%,Yes,Yes
1246,LATANOPROSTENE BUNOD,No,Yes
1247,LECANEMAB,No,Yes
1248,LEFLUNOMIDE,No,Yes
1249,LEMBOREXANT,No,No
1250,LENACAPAVIR SODIUM,No,Yes
1251,LENALIDOMIDE,Yes,Yes
1252,LENIOLISIB,Yes,Yes
1253,LENVATINIB,Yes,Yes
1254,LETERMOVIR,Yes,No
1255,LETROZOLE,Yes,Yes
1256,LETROZOLE TABLETS,Yes,Yes
1257,LEUCOVORIN CALCIUM,No,Yes
1258,LEUPROLIDE,Yes,Yes
1259,LEUPROLIDE ACETATE,Yes,Yes
1260,LEVALBUTEROL TARTRATE,Yes,Yes
1261,LEVAMLODIPINE,Yes,Yes
1262,LEVERTIRACETAM,No,Yes
1263,LEVETIRACETAM,No,Yes
1264,LEVETIRACETAM ER,No,Yes
1265,LEVETIRACETAM IN SODIUM CHLORIDE,No,Yes
1266,LEVETIRACETAM INJECTION,No,Yes
1267,LEVOBUNOLOL HYDROCHLORIDE,Yes,Yes
1268,LEVOCARNITINE,No,Yes
1269,LEVOCARNITINE ORAL,No,Yes
1270,LEVOCARNITINE ORAL SOLUTION; LEVOCARNITINE ORAL SOLUTION (SUGUAR FREE) 1 G/10 ML,No,Yes
1271,LEVOCETIRIZINE DIHYDROCHLORIDE,No,Yes
1272,LEVOFLOXACIN,Yes,Yes
1273,LEVOFLOXACIN IN 5% DEXTROSE,Yes,Yes
1274,LEVOKETOCONAZOLE,Yes,Yes
1275,LEVOLEUCOVORIN,No,Yes
1276,LEVOLEUCOVORIN CALCIUM,No,Yes
1277,LEVOLEUCOVORIN INJECTION,No,Yes
1278,LEVOMILNACIPRAN,Yes,Yes
1279,LEVONORGESTREL,No,Yes
1280,LEVOPHED(R) NOREPINEPHRINE BITARTRATE,Yes,Yes
1281,LEVORPHANOL TARTRATE,Yes,Yes
1282,LEVOTHYROXINE SODIUM,Yes,Yes
1283,LEVOTHYROXINE SODIUM ANHYDROUS,Yes,No
1284,LEXISCAN(R) (REGADENOSON),Yes,Yes
1285,LIDOCAINE,Yes,Yes
1286,LIDOCAINE HCI,Yes,No
1287,LIDOCAINE HCI AND DEXTROSE,Yes,Yes
1288,LIDOCAINE HCI; LIDOCAINE HCL,Yes,Yes
1289,LIDOCAINE HCL,Yes,Yes
1290,LIDOCAINE HYDROCHLORIDE,Yes,Yes
1291,LIDOCAINE HYDROCHLORIDE ANHYDROUS,No,No
1292,LIFITEGRAST,No,Yes
1293,LINACLOTIDE,No,Yes
1294,LINAGLIPTIN,No,Yes
1295,LINCOMYCIN,Yes,Yes
1296,LINCOMYCIN HYDROCHLORIDE,Yes,Yes
1297,LINEZOLID,No,Yes
1298,LIOTHYRONINE SODIUM,Yes,Yes
1299,LIRAGLUTIDE,No,Yes
1300,LISDEXAMFETAMINE,Yes,Yes
1301,LISDEXAMFETAMINE DIMESYLATE,Yes,Yes
1302,LISDEXAMFETAMINE DIMESYLATE CAPSULES,Yes,Yes
1303,LISINOPRIL,Yes,Yes
1304,LITHIUM,Yes,Yes
1305,LITHIUM CARBONATE,Yes,Yes
1306,LODOXAMIDE TROMETHAMINE,No,Yes
1307,LOFEXIDINE HYDROCHLORIDE,Yes,No
1308,LOMITAPIDE MESYLATE,No,Yes
1309,LOMUSTINE,No,Yes
1310,LONAFARNIB,Yes,Yes
1311,LONAPEGSOMATROPIN-TCGD,No,Yes
1312,LONCASTUXIMAB TESIRINE,No,Yes
1313,LOPERAMIDE HYDROCHLORIDE,Yes,Yes
1314,LORATADINE,No,Yes
1315,LORAZEPAM,Yes,Yes
1316,LORLATINIB,Yes,Yes
1317,LOSARTAN,Yes,Yes
1318,LOSARTAN POTASSIUM,Yes,Yes
1319,LOSARTAN POTASSIUM TABLET,No,Yes
1320,LOSARTAN POTATSSIUM,Yes,Yes
1321,LOSATAN POTASSIUM,Yes,Yes
1322,LOTEPREDNOL ETABONATE,No,No
1323,LOTILANER OPHTHALMIC SOLUTION,No,No
1324,LOVASTATIN,No,Yes
1325,LOXAPINE,Yes,Yes
1326,LOXAPINE SUCCINATE,Yes,Yes
1327,LUBIPROSTONE,Yes,Yes
1328,LUMASIRAN,No,Yes
1329,LUMATEPERONE,Yes,Yes
1330,LURASIDONE HYDROCHLORIDE,Yes,Yes
1331,LURBINECTEDIN,No,Yes
1332,LUSPATERCEPT,Yes,Yes
1333,LUSUTROMBOPAG,No,No
1334,LUTETIUM LU 177 DOTATATE,Yes,Yes
1335,LUTETIUM LU 177 VIPIVOTIDE TETRAXETAN,No,No
1336,LYRICA,Yes,Yes
1337,MACIMORELIN ACETATE,Yes,No
1338,MACITENTAN,Yes,Yes
1339,MAGNESIUM SULFATE,Yes,No
1340,MAGNESIUM SULFATE HEPTAHYDRATE,Yes,No
1341,MAGNESIUM SULFATE IN DEXTROSE,Yes,No
1342,MAGNESIUM SULFATE IN WATER,Yes,No
1343,MAGNESIUM SULFATE IN WATER FOR,Yes,No
1344,MANGANESE CHLORIDE,No,No
1345,MANNITOL,No,No
1346,MARALIXIBAT CHLORIDE,No,No
1347,MARAVIROC,Yes,Yes
1348,MARGETUXIMAB-CMKB,Yes,Yes
1349,MARIBAVIR,No,No
1350,MEBENDAZOLE,No,Yes
1351,MEBROFENIN,No,Yes
1352,MECAMYLAMINE HYDROCHLORIDE,Yes,No
1353,MECASERMIN,No,Yes
1354,MECLIZINE,No,No
1355,MECLIZINE HCL,No,No
1356,MECLIZINE HYDROCHLORIDE,No,No
1357,MECLIZINE HYDROCHLORIDE; MECLIZINE HYDROCLORIDE,No,No
1358,MECLIZINE HYDROCLORIDE,No,Yes
1359,MECLIZINE; MECLIZINE HYDROCHLORIDE,No,Yes
1360,MECLOFENAMATE SODIUM,Yes,Yes
1361,MEDROXYPROGESTERONE,Yes,Yes
1362,MEDROXYPROGESTERONE ACETATE,Yes,Yes
1363,MEFENAMIC ACID,Yes,Yes
1364,MEFLOQUINE HYDROCHLORIDE,Yes,Yes
1365,MEGESTEROL ACETATE,No,Yes
1366,MEGESTROL ACETATE,Yes,Yes
1367,MELOXICAM,Yes,Yes
1368,MELPHALAN,Yes,Yes
1369,MELPHALAN HYDROCHLORIDE,Yes,Yes
1370,MEMANTINE,Yes,Yes
1371,MEMANTINE HCL,Yes,No
1372,MEMANTINE HYDROCHLORIDE,No,Yes
1373,MEMANTINE HYDROCHLORIDE ORAL,Yes,Yes
1374,MEPERIDINE HYDROCHLORIDE,Yes,Yes
1375,MEPIVACAINE HYDROCHLORIDE,Yes,Yes
1376,MEPOLIZUMAB,No,Yes
1377,MEPROBAMATE,Yes,Yes
1378,MERCAPTOPURINE,No,Yes
1379,MEROPENEM,No,Yes
1380,MEROPENEM AND SODIUM CHLORIDE,No,Yes
1381,MESALAMINE,Yes,Yes
1382,MESNA,Yes,Yes
1383,MESNA INJECTION,Yes,Yes
1384,METAXALONE,Yes,Yes
1385,METAXALONE TABLET,No,Yes
1386,METFORMIN,Yes,No
1387,METFORMIN ER 500 MG,No,Yes
1388,METFORMIN ER 500 MG; METFORMIN ER 750 MG,No,Yes
1389,METFORMIN HCL,No,Yes
1390,METFORMIN HYDROCHLORIDE,Yes,No
1391,METFORMIN HYDROCHLORIDE ER,No,No
1392,METFORMIN HYDROCHLORIDE EXTENDED RELEASE,Yes,No
1393,METFORMIN HYDROCHLORIDE EXTENDED-RELEASE,Yes,No
1394,METFORMIN HYDROCHLORIDE EXTENDED-RELEASE TABLETS,Yes,No
1395,METFORMIN HYDROCHLORIDE TABLET,Yes,Yes
1396,METFORMIN HYDROCHLORIDE TABLET; METFORMIN HYDROCHLORIDE TABLETS,Yes,No
1397,METFORMIN; METFORMIN HYDROCHLORIDE,Yes,Yes
1398,METHADONE,Yes,Yes
1399,METHADONE HYDROCHLORIDE,Yes,Yes
1400,METHAMPHETAMINE HYDROCHLORIDE,Yes,Yes
1401,METHAZOLAMIDE,No,Yes
1402,METHCARBAMOL,No,No
1403,METHENAMINE HIPPURATE,No,Yes
1404,METHIMAZOLE,No,Yes
1405,METHOCARBAMOL,Yes,Yes
1406,METHOCARBAMOL TABLETS,Yes,Yes
1407,METHOHEXITAL SODIUM,Yes,Yes
1408,METHOTREXATE,Yes,Yes
1409,METHOTREXATE SODIUM,Yes,Yes
1410,METHOXSALEN,No,Yes
1411,METHOXY POLYETHYLENE GLYCOL-EPOETIN BETA,Yes,Yes
1412,METHSCOPOLAMINE BROMIDE,Yes,Yes
1413,METHSUXIMIDE,Yes,Yes
1414,METHYLDOPA,Yes,Yes
1415,METHYLENE BLUE,Yes,Yes
1416,METHYLERGONOVINE,Yes,Yes
1417,METHYLERGONOVINE MALEATE,Yes,Yes
1418,METHYLNALTREXONE BROMIDE,No,Yes
1419,METHYLPHENIDATE,Yes,Yes
1420,METHYLPHENIDATE HCL,Yes,Yes
1421,METHYLPHENIDATE HYDROCHLORIDE,Yes,Yes
1422,METHYLPHENIDATE HYDROCHLORIDE EXTENDED RELEASE,Yes,Yes
1423,METHYLPRED DP; METHYLPREDNISOLONE,Yes,Yes
1424,METHYLPREDNISOLE,Yes,Yes
1425,METHYLPREDNISOLONE,Yes,Yes
1426,METHYLPREDNISOLONE ACETATE,Yes,Yes
1427,METHYLPREDNISOLONE SODIUM SUCCINATE,Yes,Yes
1428,METHYLTESTOSTERONE,Yes,Yes
1429,METOCLOPRAMIDE,Yes,Yes
1430,METOCLOPRAMIDE HYDROCHLORIDE,Yes,Yes
1431,METOLAZONE,Yes,Yes
1432,METOPROLOL,Yes,Yes
1433,METOPROLOL SUCCINATE,Yes,Yes
1434,METOPROLOL SUCCINATE ER,Yes,Yes
1435,METOPROLOL SUCCINATE ER TABLETS,Yes,Yes
1436,METOPROLOL SUCCINATE; METOPROLOL SUCCINATE ER,Yes,Yes
1437,METOPROLOL TARTATE,Yes,Yes
1438,METOPROLOL TARTRATE,Yes,Yes
1439,METOPROLOL TARTRATE; METOROPROLOL TARTRATE,Yes,Yes
1440,METOROPROLOL TARTRATE,Yes,Yes
1441,METRELEPTIN,No,Yes
1442,METRONIDAZOLE,No,Yes
1443,METRONIDAZOLE ORAL,Yes,Yes
1444,"METRONIDAZOLE VAGINAL GEL, 1.3 %",No,Yes
1445,METYRAPONE,Yes,Yes
1446,METYROSINE,No,Yes
1447,MEXILETINE HYDROCHLORIDE,Yes,Yes
1448,MICAFUNGIN,Yes,Yes
1449,MICAFUNGIN IN SODIUM CHLORIDE,No,Yes
1450,MICAFUNGIN SODIUM,Yes,Yes
1451,MICONAZOLE,No,Yes
1452,MICONAZOLE NITRATE,No,Yes
1453,MIDAZOALM,Yes,Yes
1454,MIDAZOLAM,Yes,Yes
1455,MIDAZOLAM HYDROCHLORIDE,Yes,Yes
1456,MIDAZOLAM IN SODIUM CHLORIDE,Yes,Yes
1457,"MIDAZOLAM INJECTION, 10 MG",Yes,Yes
1458,MIDODRINE HYDROCHLORIDE,Yes,Yes
1459,MIFEPRISTONE,Yes,Yes
1460,MIGALASTAT HYDROCHLORIDE,No,No
1461,MIGLITOL,No,Yes
1462,MIGLUSTAT,Yes,Yes
1463,MILNACIPRAN HCL,Yes,Yes
1464,MILNACIPRAN HYDROCHLORIDE,Yes,Yes
1465,MILRINONE LACTATE,Yes,Yes
1466,MILRINONE LACTATE IN 5% DEXTROSE,Yes,Yes
1467,MILRINONE LACTATE IN DEXTROSE,Yes,Yes
1468,MILTEFOSINE,No,Yes
1469,MINOCYCLINE,Yes,Yes
1470,MINOCYCLINE HYDROCHLORIDE,Yes,Yes
1471,MINOXIDIL,Yes,Yes
1472,MIPOMERSEN SODIUM,No,No
1473,MIRABEGRON,Yes,Yes
1474,MIRIKIZUMAB-MRKZ,No,Yes
1475,MIRTAZAPINE,Yes,Yes
1476,MIRVETUXIMAB SORAVTANSINE,No,Yes
1477,MISOPROSTOL,Yes,Yes
1478,MITAPIVAT,No,No
1479,MITOMYCIN,No,Yes
1480,MITOTANE,No,Yes
1481,MITOXANTRONE,Yes,Yes
1482,MITOXANTRONE HYDROCHLORIDE,Yes,Yes
1483,MOBOCERTINIB,Yes,Yes
1484,MODAFINIL,Yes,Yes
1485,MOEXIPRIL HYDROCHLORIDE,Yes,Yes
1486,MOGAMULIZUMAB-KPKC,Yes,Yes
1487,MOLINDONE HYDROCHLORIDE,Yes,Yes
1488,MOMELOTINIB,No,Yes
1489,MOMETASONE,No,Yes
1490,MOMETASONE FUROATE,No,Yes
1491,MOMETASONE FUROATE MONOHYDRATE,No,Yes
1492,MONOMETHYL FUMARATE,No,Yes
1493,MONTELUKAST,No,Yes
1494,MONTELUKAST SODIUM,No,Yes
1495,MONTELUKAST; MONTELUKAST SODIUM,No,Yes
1496,MORPHINE SULFATE,Yes,Yes
1497,MOSUNETUZUMAB,No,Yes
1498,MOTIXAFORTIDE,Yes,Yes
1499,MOXIDECTIN,Yes,Yes
1500,MOXIFLOXACIN,Yes,Yes
1501,MOXIFLOXACIN HYDROCHLORIDE,Yes,Yes
1502,"MOXIFLOXACIN HYDROCHLORIDE TABLETS, 400 MG",Yes,Yes
1503,MOXIFLOXACIN OPHTHALMIC,No,Yes
1504,MOXIFLOXACIN OPHTHALMIC SOLUTION,No,Yes
1505,MYCOPHENILIC ACID,No,Yes
1506,MYCOPHENOLATE MOFETIL,No,Yes
1507,MYCOPHENOLATE MOFETIL HYDROCHLORIDE,No,Yes
1508,MYCOPHENOLIC ACID,No,Yes
1509,NABILONE,Yes,Yes
1510,NABUMENTONE,Yes,Yes
1511,NABUMETONE,Yes,Yes
1512,NADOFARAGENE FIRADENOVEC-VNCG,Yes,No
1513,NADOLOL,Yes,Yes
1514,NAFARELIN ACETATE,No,Yes
1515,NAFCILLIN,No,Yes
1516,NAFCILLIN INJECTION,No,Yes
1517,NAFCILLIN SODIUM,No,Yes
1518,NALBUPHINE HCI,Yes,Yes
1519,NALBUPHINE HYDROCHLORIDE,Yes,Yes
1520,NALDEMEDINE,No,Yes
1521,NALMEFENE HYDROCHLORIDE,Yes,Yes
1522,NALMEFENE HYDROCHLORIDE INJECTION,Yes,Yes
1523,NALOXEGOL OXALATE,No,Yes
1524,NALOXONE HCI,Yes,Yes
1525,NALOXONE HCL,Yes,No
1526,NALOXONE HYDROCHLORIDE,Yes,Yes
1527,NALTREXONE,No,Yes
1528,NALTREXONE HYDROCHLORIDE,No,Yes
1529,NALXONE HYDROCHLORIDE,Yes,Yes
1530,NAPHAZOLINE HYDROCHLORIDE,Yes,No
1531,NAPROXEN,Yes,Yes
1532,NAPROXEN DELAYED RELEASE,No,No
1533,NAPROXEN ORAL,Yes,Yes
1534,NAPROXEN SODIUM,Yes,Yes
1535,NARATRIPTAN,Yes,No
1536,NARCAN NALOXONE HCI,Yes,Yes
1537,NATALIZUMAB,No,Yes
1538,NATAMYCIN,No,No
1539,NATEGLINIDE,No,Yes
1540,NAXITAMAB,Yes,Yes
1541,NEBIBOLOL; NEBIVOLOL,Yes,Yes
1542,NEBIVOLOL,Yes,Yes
1543,NEBIVOLOL HYDROCHLORIDE,Yes,Yes
1544,NECITUMUMAB,Yes,Yes
1545,NEDOCROMIL SODIUM,No,No
1546,NEDOSIRAN,No,Yes
1547,NEFAZODONE HYDROCHLORIDE,Yes,Yes
1548,NELARABINE,Yes,No
1549,NELARABINE INJECTION,No,No
1550,NELFINAVIR MESYLATE,Yes,Yes
1551,NEOMYCIN SULFATE,No,No
1552,NEOSTIGMINE,Yes,Yes
1553,NEOSTIGMINE METHYLSULFATE,Yes,Yes
1554,NEPAFENAC,No,No
1555,NERATINIB,No,Yes
1556,NEVIRAPINE,No,Yes
1557,NEXTERONE (AMIODARONE HCI),Yes,Yes
1558,NH3N13,No,No
1559,NIACIN,No,Yes
1560,NICARDIPINE HYDROCHLORIDE,Yes,Yes
1561,NICOTINE,Yes,Yes
1562,NIFEDIPINE,Yes,Yes
1563,NIFURTIMOX,No,Yes
1564,NILOTINIB,Yes,Yes
1565,NILUTAMIDE,Yes,Yes
1566,NIMODIPINE,Yes,Yes
1567,NINTEDANIB,Yes,Yes
1568,NIRAPARIB,Yes,Yes
1569,NIROGACESTAT,No,Yes
1570,NIRSEVIMAB,No,Yes
1571,NISOLDIPINE,Yes,Yes
1572,NITAZOXANIDE,No,Yes
1573,NITISINONE,No,Yes
1574,NITROFURANTION,Yes,Yes
1575,NITROFURANTION MACROCRYSTALS,No,Yes
1576,NITROFURANTOIN,Yes,Yes
1577,NITROFURANTOIN (MACROCRYSTALS),No,Yes
1578,NITROFURANTOIN MACROCRYSTALS,No,Yes
1579,"NITROGEN, REFRIGERATED",No,Yes
1580,NITROGLYCERIN,Yes,Yes
1581,NITROGLYCERIN LINGUAL,Yes,Yes
1582,NITROGLYCERIN TRANSDERMAL SYSTEM,Yes,Yes
1583,"NITROGLYCERIN, DEXTROSE",Yes,Yes
1584,NIVOLUMAB,Yes,Yes
1585,NIZATIDINE,Yes,Yes
1586,NOREPINEPHRINE BITARTRATE,Yes,Yes
1587,NOREPINEPHRINE IN SODIUM CHLORIDE,Yes,Yes
1588,NORETHINDRONE,No,Yes
1589,NORETHINDRONE ACETATE,Yes,Yes
1590,NORTRIPTYLINE HCI,Yes,Yes
1591,NORTRIPTYLINE HCI; NORTRIPTYLINE HCL,Yes,Yes
1592,NORTRIPTYLINE HCL,Yes,Yes
1593,NORTRIPTYLINE HYDROCHLORIDE,Yes,Yes
1594,NORVIR,Yes,Yes
1595,NUSINERSEN,No,Yes
1596,NYSTATIN,No,Yes
1597,NYSTATIN ORAL SUSPENSION,No,Yes
1598,OBETICHOLIC ACID,No,Yes
1599,OBILTOXAXIMAB,No,Yes
1600,OBINUTUZUMAB,Yes,Yes
1601,OCRELIZUMAB,No,Yes
1602,OCTREOTIDE,Yes,Yes
1603,OCTREOTIDE ACETATE,Yes,Yes
1604,ODEVIXIBAT,Yes,No
1605,OFATUMUMAB,No,Yes
1606,OFIRMEV (ACETAMINOPHEN),No,Yes
1607,OFLOXACIN,No,Yes
1608,OFLOXACIN OPHTH SOLN,No,Yes
1609,"OFLOXACIN OPHTHALMIC SOLUTION USP, 0.3%",No,Yes
1610,OFLOXACIN OTIC,No,Yes
1611,OFLOXACIN OTIC; OFLOXACIN OTIC SOLUTION,No,Yes
1612,OFLOXAXIN,No,Yes
1613,OLANZAPINE,Yes,Yes
1614,OLANZAPINE PAMOATE,Yes,Yes
1615,OLAPARIB,No,Yes
1616,OLFOXACIN OTIC SOLN,Yes,Yes
1617,OLICERIDINE,Yes,Yes
1618,OLIPUDASE ALFA-RPCP,No,Yes
1619,OLMESARTAN MEDOXOMIL,Yes,Yes
1620,OLOPATADINE HYDROCHLORIDE,No,Yes
1621,OLOPATADINE HYDROCHLORIDE NASAL,No,Yes
1622,OLSALAZINE SODIUM,Yes,Yes
1623,OLUTASIDENIB,Yes,Yes
1624,OMADACYCLINE,No,Yes
1625,OMALIZUMAB,Yes,Yes
1626,OMAVELOXOLONE,Yes,Yes
1627,OMEGA-3-ACID ETHYL ESTERS,Yes,Yes
1628,OMEGA-3-ACID ETHYL ESTERS CAPSULES,Yes,Yes
1629,OMEPRAZOLE,No,Yes
1630,OMEPRAZOLE DR,Yes,Yes
1631,OMEPRAZOLE MAGNESIUM,Yes,Yes
1632,OMEPRAZOLE; OMEPRAZOLE DR,Yes,Yes
1633,OMIDENEPAG ISOPROPYL,No,Yes
1634,ONABOTULINUMTOXINA,Yes,Yes
1635,ONDANSETRON,Yes,Yes
1636,ONDANSETRON HCL,Yes,Yes
1637,ONDANSETRON HYDROCHLORIDE,Yes,Yes
1638,ONDANSETRON HYDROCHLORIDE AND DEXTROSE,Yes,Yes
1639,ONDANSETRON TABLETS,Yes,Yes
1640,ONTRUZANT; TRASTUZUMAB,Yes,Yes
1641,OPICAPONE,No,No
1642,ORAL SEMAGLUTIDE,No,Yes
1643,ORITAVANCIN,No,Yes
1644,ORITAVANCIN DIPHOSPHATE,No,Yes
1645,ORLISTAT,No,Yes
1646,ORPHENADRINE CITRATE,Yes,Yes
1647,OSELTAMAVIR PHOSPHATE,No,Yes
1648,OSELTAMIVIR,No,Yes
1649,OSELTAMIVIR ACID,No,No
1650,OSELTAMIVIR PHOSPHATE,No,Yes
1651,OSILODROSTAT,Yes,Yes
1652,OSIMERTINIB,Yes,Yes
1653,OSPEMIFENE,Yes,Yes
1654,OTESECONAZOLE,No,Yes
1655,OXACILLIN,No,Yes
1656,OXACILLIN SODIUM,No,Yes
1657,OXALIPLATIN,Yes,Yes
1658,OXAPROZIN,Yes,Yes
1659,OXAZEPAM,Yes,Yes
1660,OXCARBAZEPINE,Yes,Yes
1661,OXYBUTYNIN,Yes,Yes
1662,OXYBUTYNIN CHLORIDE,No,Yes
1663,OXYCODONE,No,Yes
1664,OXYCODONE HCL,Yes,Yes
1665,OXYCODONE HCL CONTROLLED-RELEASE,Yes,Yes
1666,OXYCODONE HYDCHLORIDE,Yes,Yes
1667,OXYCODONE HYDROCHLORIDE,No,Yes
1668,OXYCODONE HYDROCHLORIDE ORAL SOLUTION,Yes,Yes
1669,OXYGEN,No,Yes
1670,OXYMETAZOLINE HYDROCHLORIDE OPHTHALMIC,Yes,No
1671,OXYMORPHONE HYDROCHLORIDE,Yes,Yes
1672,OXYTOCIN,Yes,No
1673,OZANIMOD HYDROCHLORIDE,Yes,Yes
1674,PACLITAXEL,Yes,Yes
1675,PACRITINIB,Yes,Yes
1676,PAFOLACIANINE INJECTION,No,Yes
1677,PALBOCICLIB,No,Yes
1678,PALIFERMIN,No,Yes
1679,PALIPERIDONE,Yes,Yes
1680,PALIPERIDONE PALMITATE,Yes,Yes
1681,PALIVIZUMAB,No,Yes
1682,PALONOSETRON,No,Yes
1683,PALONOSETRON HYDROCHLORIDE,Yes,Yes
1684,PALONSETRON HYDROCHLORIDE,Yes,Yes
1685,PALOVAROTENE,No,Yes
1686,PAMIDRONATE DISODIUM,Yes,Yes
1687,PANITUMUMAB,No,Yes
1688,PANOBINOSTAT,Yes,Yes
1689,PANTOPRAZOEL SODIUM,No,Yes
1690,PANTOPRAZOLE,No,Yes
1691,PANTOPRAZOLE SODIUM,No,Yes
1692,PANTOPRAZOLE SODIUM D/R,Yes,Yes
1693,PANTOPRAZOLE SODIUM DELAYED RELEASE,No,No
1694,PANTOPRAZOLE SODIUM DELAYED-RELEASE,Yes,Yes
1695,PANTOPRAZOLE SODIUM DR,No,Yes
1696,PANTOPRAZOLE SODIUM IN 0.9% SODIUM CHLORIDE,No,Yes
1697,PARATHYROID HORMONE,Yes,Yes
1698,PARICALCITOL,Yes,Yes
1699,PAROMOMYCIN SULFATE,No,No
1700,PAROXETINE,Yes,Yes
1701,PAROXETINE HYDROCHLORIDE,Yes,Yes
1702,PAROXETINE HYDROCHLORIDE ANHYDROUS,Yes,Yes
1703,PAROXETINE HYDROCHLORIDE HEMIHYDRATE,Yes,Yes
1704,PAROXETINE MESYLATE,Yes,Yes
1705,PAROXETINE; PAROXETINE HYDROCHLORIDE HEMIHYDRATE,Yes,Yes
1706,PASIREOTIDE,Yes,Yes
1707,PATIROMER,No,Yes
1708,PATISIRAN,Yes,Yes
1709,PAZOPANIB,Yes,Yes
1710,PAZOPANIB HYDROCHLORIDE,Yes,Yes
1711,PEANUT,No,Yes
1712,PEGASPARGASE,No,Yes
1713,PEGCETACOPLAN,No,No
1714,PEGFILGRASTIM,No,Yes
1715,PEGFILGRASTIM-APGF,No,Yes
1716,PEGFILGRASTIM-BMEZ,No,Yes
1717,PEGFILGRASTIM-CBQV,No,Yes
1718,PEGFILGRASTIM-JMDB,No,Yes
1719,PEGFLILGRASTIM-FPGK,No,Yes
1720,PEGINTERFERON ALFA-2A,Yes,Yes
1721,PEGINTERFERON BETA-1A,Yes,Yes
1722,PEGLOTICASE,Yes,Yes
1723,PEGULICIANINE,No,Yes
1724,PEGUNIGALSIDASE ALFA,Yes,Yes
1725,PEGVALIASE-PQPZ,No,Yes
1726,PEGVISOMANT,No,Yes
1727,PEMBROLIZUMAB,Yes,Yes
1728,PEMETREXED,Yes,Yes
1729,PEMETREXED DISODIUM,No,Yes
1730,PEMIGATINIB,No,Yes
1731,PENICILLAMINE,No,Yes
1732,PENICILLIN G,No,Yes
1733,PENICILLIN G BENZATHINE,Yes,Yes
1734,PENICILLIN G POTASSIUM,Yes,Yes
1735,PENICILLIN G SODIUM,Yes,Yes
1736,PENICILLIN V POTASIUM,No,Yes
1737,PENICILLIN V POTASSIUM,No,Yes
1738,PENTAMIDINE ISETHIONATE,Yes,Yes
1739,PENTOBARBITAL SODIUM,Yes,Yes
1740,PENTOSAN POLYSULFATE SODIUM,No,Yes
1741,PENTOSTATIN,Yes,Yes
1742,PENTOXIFYLLINE,Yes,Yes
1743,PERAMIVIR,No,Yes
1744,PERAMPANEL,No,Yes
1745,PERFLUOROHEXYLOCTANE,No,No
1746,PERFLUTREN,Yes,Yes
1747,PERINDOPRIL ERBUMINE,Yes,Yes
1748,PERPHENAZINE,Yes,Yes
1749,PERTUZUMAB,Yes,Yes
1750,PEXIDARTINIB HYDROCHLORIDE,No,Yes
1751,PHENDIMETRAZINE,Yes,Yes
1752,PHENDIMETRAZINE TARTRATE,Yes,Yes
1753,PHENELZINE SULFATE,Yes,Yes
1754,PHENOBARBITAL SODIUM,Yes,Yes
1755,PHENOXYBENZAMINE HYDROCHLORIDE,Yes,No
1756,PHENTERMINE HCL,Yes,Yes
1757,PHENTERMINE HCL C-IV,Yes,Yes
1758,PHENTERMINE HCL C-IV; PHENTERMINE HYDROCHLORIDE,Yes,Yes
1759,PHENTERMINE HYDROCHLORIDE,Yes,Yes
1760,PHENTERMINE RESIN,Yes,Yes
1761,PHENTOLAMINE MESYLATE,No,No
1762,PHENYLEPHRINE HCI,Yes,Yes
1763,PHENYLEPHRINE HYDROCHLORIDE,Yes,Yes
1764,PHENYTOIN,Yes,Yes
1765,PHENYTOIN SODIUM,Yes,Yes
1766,PHYTONADIONE,No,No
1767,PIFLUFOLASTAT F-18,No,No
1768,PILOCARPINE HYDRCHLORIDE,Yes,Yes
1769,PILOCARPINE HYDROCHLORIDE,No,No
1770,PILOCARPINE HYDROCHLORIDE OPHTHALMIC SOLUTION,No,No
1771,PIMAVANSERIN TARTRATE,Yes,Yes
1772,PIMOZIDE,Yes,Yes
1773,PINDOLOL,Yes,Yes
1774,PIOGLITAZONE,Yes,No
1775,PIOGLITAZONE HYDROCHLORIDE,Yes,No
1776,PIOGLITAZONEHYDROCHLORIDE,Yes,No
1777,PIRFENIDONE,No,Yes
1778,PIROXICAM,Yes,Yes
1779,PIRTOBRUTINIB,Yes,Yes
1780,PITAVASTATIN,No,Yes
1781,PITAVASTATIN CALCIUM,No,Yes
1782,PITAVASTATIN MAGNESIUM,No,Yes
1783,PITOLISANT HYDROCHLORIDE,Yes,Yes
1784,PLAZOMICIN,No,No
1785,PLECANATIDE,No,Yes
1786,PLERIXAFOR,No,Yes
1787,POLATUZUMAB VEDOTIN,No,Yes
1788,POLIDOCANOL,Yes,Yes
1789,POLOCAINE (MEPIVACAINE HCL),Yes,Yes
1790,POLOCAINE(R) -MPF (MEPIVACAINE HCI),Yes,Yes
1791,POLYETHYLENE GLYCOL 3350,No,Yes
1792,POLYMYXIN B,No,Yes
1793,POLYMYXIN B SULFATE,No,Yes
1794,POMALIDOMIDE,Yes,Yes
1795,PONATINIB HYDROCHLORIDE,Yes,Yes
1796,PONESIMOD,Yes,Yes
1797,PORACTANT ALFA,Yes,No
1798,PORFIMER SODIUM,Yes,Yes
1799,POSACONAZOLE,Yes,Yes
1800,POSACONAZOLE DELAYED-RELEASE,Yes,Yes
1801,POTASSIUM ACETATE,Yes,No
1802,POTASSIUM CHLORIDE,Yes,No
1803,POTASSIUM CHLORIDE E-R,Yes,Yes
1804,POTASSIUM CHLORIDE ER,Yes,Yes
1805,POTASSIUM CHLORIDE EXTENDED-RELEASE,Yes,No
1806,POTASSIUM CHLORIDE FOR ORAL SOLUTION,Yes,No
1807,POTASSIUM CHLORIDE; POTASSIUM CHLORIDE ORAL,Yes,No
1808,POTASSIUM CITRATE,Yes,No
1809,POTASSIUM-CIT,Yes,No
1810,POVIDONE-IODINE,No,Yes
1811,POZELIMAB,No,Yes
1812,PRABOTULINUM TOXIN TYPE A,Yes,Yes
1813,PRALATREXATE,No,Yes
1814,PRALIDOXIME CHLORIDE,Yes,No
1815,PRALSETINIB,Yes,Yes
1816,PRAMIPEXOLE,Yes,Yes
1817,PRAMIPEXOLE DIHYDROCHLORIDE,Yes,Yes
1818,PRAMLINTIDE ACETATE,No,Yes
1819,PRASTERONE,No,No
1820,PRASUGREL,No,Yes
1821,PRASUGREL HYDROCHLORIDE,No,Yes
1822,PRAVASTATIN SODIUM,No,Yes
1823,PRAVASTATIN SODIUM; PRAVATATIN,Yes,Yes
1824,PRAZIQUANTEL,Yes,Yes
1825,PRAZOSIN,Yes,Yes
1826,PRAZOSIN HCL,Yes,Yes
1827,PRAZOSIN HYDROCHLORIDE,Yes,Yes
1828,PREDNISOLONE,Yes,Yes
1829,PREDNISOLONE ACETATE,No,Yes
1830,PREDNISOLONE ORAL,No,Yes
1831,PREDNISOLONE SODIUM PHOSPHATE,Yes,Yes
1832,PREDNISONE,Yes,Yes
1833,PREDNISONE; PREDNISONE INTENSOL,No,Yes
1834,PREGABALIN,Yes,Yes
1835,"PREGABALIN CAPSULES, CV",Yes,Yes
1836,PRETOMANID,Yes,Yes
1837,PREXXARTAN,Yes,Yes
1838,PRILOCAINE HYDROCHLORIDE,Yes,Yes
1839,PRIMAQUINE PHOSPHATE,Yes,Yes
1840,PRIMIDONE,No,Yes
1841,PROBENECID,No,Yes
1842,PROCAINAMIDE HCI,Yes,Yes
1843,PROCAINAMIDE HYDROCHLORIDE,Yes,Yes
1844,PROCARBAZINE HYDROCHLORIDE,Yes,Yes
1845,PROCHLORPERAZINE,Yes,Yes
1846,PROCHLORPERAZINE EDISYLATE,Yes,Yes
1847,PROCHLORPERAZINE MALEATE,Yes,Yes
1848,PROGESTERONE,Yes,Yes
1849,PROMETHAZINE,Yes,Yes
1850,PROMETHAZINE HCI,Yes,Yes
1851,PROMETHAZINE HCL,Yes,Yes
1852,PROMETHAZINE HYDROCHLORIDE,Yes,Yes
1853,PROMETHAZINE HYDROCHLORIDE TABLET,Yes,Yes
1854,PROPAFENONE,Yes,Yes
1855,PROPAFENONE HYDROCHLORIDE,Yes,Yes
1856,PROPARACAINE HYDROCHLORIDE,No,Yes
1857,PROPOFOL,Yes,Yes
1858,PROPOFOL INJECTABLE EMULSION,Yes,Yes
1859,PROPOXYPHENE HYDROCHLORIDE,Yes,Yes
1860,PROPOXYPHENE NAPSYLATE,Yes,Yes
1861,PROPRANOLOL,Yes,Yes
1862,PROPRANOLOL HYDROCHLORIDE,Yes,Yes
1863,PROPYLTHIOURACIL,No,Yes
1864,PROTAMINE SULFATE,Yes,No
1865,PROTRIPTYLINE HYDROCHLORIDE,Yes,Yes
1866,PRUCALOPRIDE,No,Yes
1867,PRUSSIAN BLUE INSOLUBLE CAPSULES,Yes,No
1868,PURIXAN,No,Yes
1869,PYRAZINAMIDE,No,Yes
1870,PYRAZINAMIDE TABLET,No,Yes
1871,PYRIDOSTIGMINE BROMIDE,No,Yes
1872,PYRIDOSTIGMINE BROMIDE ORAL,No,Yes
1873,PYRIDOXINE HCI,No,No
1874,PYRIDOXINE HYDROCHLORIDE,No,No
1875,PYRIMETHAMINE,Yes,Yes
1876,QUAZEPAM,No,No
1877,QUETIAPINE,Yes,Yes
1878,QUETIAPINE EXTENDED-RELEASE,Yes,Yes
1879,QUETIAPINE FUMARATE,Yes,Yes
1880,QUETIAPINE FUMARATE ER,Yes,Yes
1881,QUINAPRIL,Yes,Yes
1882,QUINAPRIL HYDROCHLORIDE,Yes,Yes
1883,QUINAPRIL; QUINAPRIL HYDROCHLORIDE,Yes,Yes
1884,QUINIDINE GLUCONATE,Yes,Yes
1885,QUINIDINE GLUONATE,Yes,Yes
1886,QUINIDINE SULFATE,Yes,Yes
1887,QUINIDINE SULFATE TABLET,Yes,Yes
1888,QUININE,Yes,Yes
1889,QUININE SULFATE,Yes,Yes
1890,QUIZARTINIB,Yes,Yes
1891,RABEPRAZOLE,No,Yes
1892,RABEPRAZOLE SODIUM,No,Yes
1893,RABERPRAZOLE SODIUM D/R,Yes,Yes
1894,RADIUM RA 223 DICHLORIDE,No,Yes
1895,RALOXIFENE,Yes,Yes
1896,RALOXIFENE HYDROCHLORIDE,Yes,Yes
1897,RALTEGRAVIR,No,Yes
1898,RAMELTEON,No,No
1899,RAMIPRIL,Yes,Yes
1900,RAMUCIRUMAB,Yes,Yes
1901,RANIBIZUMAB,Yes,No
1902,RANIBIZUMAB-EQRN,Yes,No
1903,RANIBIZUMAB-NUNA,Yes,No
1904,RANITIDINE,Yes,Yes
1905,RANITIDINE HYDROCHLORIDE,Yes,Yes
1906,RANOLAZINE,Yes,Yes
1907,RASAGILINE,Yes,Yes
1908,RASAGILINE MESYLATE,Yes,Yes
1909,RASBURICASE,Yes,Yes
1910,RAXIBACUMAB,No,Yes
1911,REGADENOSON,Yes,Yes
1912,REGORAFENIB,Yes,Yes
1913,RELUGOLIX,Yes,Yes
1914,REMDESIVIR,Yes,Yes
1915,REMIFENTANIL HYDROCHLORIDE,Yes,Yes
1916,REMIMAZOLAM BESYLATE,Yes,Yes
1917,RENAGEL,No,Yes
1918,REPAGLINIDE,Yes,Yes
1919,REPOSITORY CORTICOTROPIN,Yes,Yes
1920,REPOTRECTINIB,No,No
1921,RESLIZUMAB,No,Yes
1922,RESMETIROM,No,Yes
1923,RETEPLASE,No,Yes
1924,RETIFANLIMAB-DLWR,Yes,Yes
1925,REYATAZ,Yes,Yes
1926,REZAFUNGIN,No,Yes
1927,RHO (D) IMMUNE GLOBULIN,No,Yes
1928,RIBAVIRIN,Yes,Yes
1929,RIBOCICLIB,Yes,Yes
1930,RIBOFLAVIN 5-PHOSPHATE IN 20% DEXTRAN OPHTHALMIC; RIBOFLAVIN 5-PHOSPHATE OPHTHALMIC,No,No
1931,RIFABUTIN,No,Yes
1932,RIFAMPIN,Yes,Yes
1933,RIFAMYCIN,No,No
1934,RIFAPENTINE,No,Yes
1935,RIFAXIMIN,No,Yes
1936,RILONACEPT,No,Yes
1937,RILPIVIRINE HYDROCHLORIDE,Yes,Yes
1938,RILUZOLE,No,Yes
1939,RIMABOTULINUMTOXINB,No,Yes
1940,RIMANTADINE HYDROCHLORIDE,No,Yes
1941,RIMEGEPANT SULFATE,No,Yes
1942,RIOCIGUAT,Yes,No
1943,RIPRETINIB,Yes,Yes
1944,RISDIPLAM,No,Yes
1945,RISEDRONATE SODIUM,No,Yes
1946,RISEDRONATE SODIUM HEMI-PENTAHYDRATE,No,Yes
1947,RISPERIDONE,Yes,Yes
1948,RITLECITINIB,Yes,Yes
1949,RITONAVIR,Yes,Yes
1950,RITONAVIR 100 MG,Yes,Yes
1951,RITUXIMAB,Yes,Yes
1952,RITUXIMAB-ABBS,Yes,Yes
1953,RITUXIMAB-ARRX,Yes,Yes
1954,RITUXIMAB-PVVR,Yes,Yes
1955,RIVAROXABAN,No,Yes
1956,RIVASTIGMINE,Yes,Yes
1957,RIVASTIGMINE TARTRATE,Yes,Yes
1958,RIVASTIGMINE TRANSDERMAL SYSTEM,Yes,Yes
1959,RIZATRIPTAN,Yes,Yes
1960,RIZATRIPTAN BENZOATE,Yes,Yes
1961,RIZATRIPTAN BENZOATE ODT,Yes,Yes
1962,ROBINUL,Yes,Yes
1963,ROCURONIUM,Yes,Yes
1964,ROCURONIUM BROMIDE,Yes,Yes
1965,ROFLUMILAST,No,Yes
1966,ROLAPITANT,No,No
1967,ROMIDEPSIN,Yes,Yes
1968,ROMIPLOSTIM,No,Yes
1969,ROMOSOZUMAB-AQQG,Yes,Yes
1970,ROPEGINTERFERON ALFA-2B,Yes,Yes
1971,ROPINIROLE,Yes,Yes
1972,ROPINIROLE HYDROCHLORIDE,Yes,No
1973,ROPIVACAINE HYDROCHLORIDE,Yes,Yes
1974,ROSIGLITAZONE MALEATE,Yes,Yes
1975,ROSUVASTATIN,No,Yes
1976,ROSUVASTATIN CALCIUM,No,Yes
1977,ROSUVASTATIN CALCIUM; ROSUVASTATIN CALCIUN,No,Yes
1978,ROSUVASTATIN; ROSUVASTATIN CALCIUM,No,Yes
1979,ROTIGOTINE,Yes,Yes
1980,ROZANOLIXIZUMAB,No,Yes
1981,RUBIDIUM CHLORIDE RB-82,No,No
1982,RUBIDIUM RB 82,No,No
1983,RUCAPARIB,Yes,Yes
1984,RUFINAMIDE,Yes,Yes
1985,RUXOLITINIB,Yes,Yes
1986,RYDAPT,Yes,Yes
1987,SACITUZUMAB GOVITECAN,Yes,Yes
1988,SACROSIDASE,No,Yes
1989,SAFINAMIDE MESYLATE,Yes,Yes
1990,SAPROPTERIN DIHYDROCHLORIDE,Yes,Yes
1991,SAQUINAVIR MESYLATE,Yes,Yes
1992,SARECYCLINE HYDROCHLORIDE,No,Yes
1993,SARGRAMOSTIM,Yes,Yes
1994,SARILUMAB,No,Yes
1995,SATRALIZUMAB,No,Yes
1996,SAXAGLIPTIN,Yes,Yes
1997,SCOLOPAMINE TRANSDERMAL SYSTEM,No,Yes
1998,SCOPOLAMINE,Yes,Yes
1999,SEBELIPASE ALFA,No,Yes
2000,SECNIDAZOLE,No,Yes
2001,SECUKINUMAB,No,Yes
2002,SELEGILINE,Yes,Yes
2003,SELEGILINE HYDROCHLORIDE,Yes,Yes
2004,SELENIOUS ACID,No,No
2005,SELEXIPAG,No,Yes
2006,SELINEXOR,No,No
2007,SELPERCATINIB,Yes,Yes
2008,SELUMETINIB,Yes,Yes
2009,SEMAGLUTIDE,Yes,Yes
2010,SERTRALINE,Yes,Yes
2011,SERTRALINE HCL,Yes,Yes
2012,SERTRALINE HYDROCHLORIDE,Yes,Yes
2013,SETMELANOTIDE,No,Yes
2014,SEVELAMER CARBONATE,No,Yes
2015,SEVELAMER CARBONATE FOR ORAL SUSPENSION,No,Yes
2016,SEVELAMER HYDROCHLORIDE,No,Yes
2017,SILDENAFIL,Yes,No
2018,SILDENAFIL CITRATE,Yes,Yes
2019,"SILDENAFIL POWDER,",Yes,No
2020,SILDINAFIL,Yes,Yes
2021,SILODOSIN,No,Yes
2022,SILTUXIMAB,No,Yes
2023,SIMVASTATIN,No,Yes
2024,SINCALIDE,No,Yes
2025,SIPONIMOD,Yes,Yes
2026,SIROLIMUS,Yes,Yes
2027,SITAGLIPTIN,No,Yes
2028,SODIUM ACETATE,Yes,No
2029,SODIUM BICARBONATE,Yes,Yes
2030,"SODIUM BICARBONATE INJECTION,",No,Yes
2031,SODIUM CHLORIDE,Yes,No
2032,SODIUM CHLORIDE FOR IRRIGATION,No,No
2033,SODIUM CITRATE,No,No
2034,SODIUM FERRIC GLUCONATE COMPLEX,Yes,Yes
2035,SODIUM FERRIC GLUCONATE COMPLEX IN SUCROSE,Yes,Yes
2036,SODIUM FLUORIDE F 18,No,No
2037,SODIUM FLUORIDE F-18,No,No
2038,SODIUM FLUORIDE F18,No,No
2039,SODIUM IODIDE I 123,No,Yes
2040,SODIUM IODIDE I 131,Yes,Yes
2041,SODIUM IODIDE I-131,Yes,Yes
2042,SODIUM IOTHALAMATE I-125 INJECTION,No,No
2043,SODIUM NITRITE,Yes,Yes
2044,SODIUM NITROPRUSSIDE,Yes,Yes
2045,SODIUM NITROPRUSSIDE IN 0.9% SODIUM CHLORIDE,Yes,Yes
2046,SODIUM NITROPRUSSIDE INJECTION,Yes,Yes
2047,SODIUM OXYBATE,Yes,No
2048,SODIUM PHENYLBUTYRATE,Yes,Yes
2049,"SODIUM PHENYLBUTYRATE TABLETS, 500 MG",Yes,Yes
2050,SODIUM POLYSTYRENE SULFONATE,Yes,No
2051,SODIUM TETRADECYL SULFATE,Yes,Yes
2052,SODIUM THIOSULFATE,Yes,No
2053,SODIUM ZIRCONIUM CYCLOSILICATE,No,No
2054,SOFOSBUVIR,Yes,Yes
2055,SOLIFENACIN,Yes,Yes
2056,SOLIFENACIN SUCCIATE,Yes,Yes
2057,SOLIFENACIN SUCCIATE; SOLIFENACIN SUCCINATE,Yes,Yes
2058,SOLIFENACIN SUCCINATE,Yes,Yes
2059,SOLIFENACINE SUCCINATE,Yes,Yes
2060,SOLRIAMFETOL,Yes,Yes
2061,SOLU-CORTEF,Yes,Yes
2062,SOLU-MEDROL,Yes,Yes
2063,SOLU-MEDROL(R) METHYLPREDNISOLONE SODIUM SUCCINAT,Yes,Yes
2064,SOMAPACITAN-BECO,No,Yes
2065,SOMATROGON-GHLA,No,Yes
2066,SOMATROPIN,No,Yes
2067,SONIDEGIB,No,Yes
2068,SORAFENIB,Yes,Yes
2069,SORBITOL,Yes,Yes
2070,SOTAGLIFLOZIN,No,Yes
2071,SOTALOL HYDROCHLORIDE,Yes,Yes
2072,SOTALOL HYDROCHLORIDE TABLES AF; SOTALOL HYDROCHLORIDE TABLETS AF,Yes,Yes
2073,SOTORASIB,No,Yes
2074,SOYBEAN OIL,No,Yes
2075,SPARSENTAN,Yes,No
2076,SPESOLIMAB-SBZO,No,Yes
2077,SPIRONOLACTONE,Yes,Yes
2078,STAVUDINE,No,Yes
2079,STERILE WATER,No,No
2080,STERILE WATER FOR INJECTION,No,No
2081,STIRIPENTOL,No,No
2082,STREPTOMYCIN,No,Yes
2083,STREPTOZOCIN,No,Yes
2084,STRONTIUM CHLORIDE SR-89,No,No
2085,SUCCIMER,No,Yes
2086,SUCCINYLCHOLINE,Yes,Yes
2087,SUCCINYLCHOLINE CHLORIDE,Yes,Yes
2088,SUCRALFATE,No,Yes
2089,SUCRALFATE ORAL,No,Yes
2090,SUCROFERRIC OXYHYDROXIDE,No,Yes
2091,SUFENTANIL,Yes,Yes
2092,SUFENTANIL CITRATE,Yes,Yes
2093,SUGAMMADEX,Yes,Yes
2094,SULFACETAMIDE SODIUM,No,Yes
2095,SULFADIAZINE,Yes,Yes
2096,SULFASALAZINE,Yes,Yes
2097,SULINDAC,Yes,Yes
2098,SUMATRIPTAN,Yes,Yes
2099,SUMATRIPTAN SUCCINATE,Yes,Yes
2100,SUMATRIPTAN SUCCINATE TABLET,Yes,Yes
2101,SUMATRIPTAN SUCCINATE U-D,Yes,Yes
2102,SUNITINIB MALATE,Yes,Yes
2103,SUTIMLIMAB-JOME,No,Yes
2104,SUVOREXANT,No,Yes
2105,"SYNTHETIC CONJUGATED ESTROGENS, A",Yes,Yes
2106,"SYNTHETIC CONJUGATED ESTROGENS, B",Yes,Yes
2107,TACROLIMUS,Yes,Yes
2108,TACROLIMUS EXTENDED-RELEASE CAPSULES,Yes,Yes
2109,TACROLIMUS; TACROLIMUS CAPSULES,Yes,Yes
2110,TADALAFIL,Yes,Yes
2111,TAFASITAMAB-CXIX,No,Yes
2112,TAFENOQUINE,No,Yes
2113,TAFENOQUINE SUCCINATE,No,Yes
2114,TAFLUPROST,No,Yes
2115,TAFLUPROST OPTHALMIC,No,Yes
2116,TAGRAXOFUSP,Yes,Yes
2117,TALAZOPARIB,No,Yes
2118,TALC,No,No
2119,TALIGLUCERASE ALFA,No,Yes
2120,TALIMOGENE LAHERPAREPVEC,No,Yes
2121,TALQUETAMAB,No,Yes
2122,TAMOXIFEN CITRATE,Yes,Yes
2123,TAMSULOSIN HYDROCHLORIDE,Yes,Yes
2124,TAPENTADOL HYDROCHLORIDE,No,Yes
2125,TASIMELTEON,No,No
2126,TAZAROTENE,No,Yes
2127,TAZEMETOSTAT,No,Yes
2128,TBO-FILGRASTIM,No,Yes
2129,TC 99M MEDRONATE,No,Yes
2130,TEBENTAFUSP,No,Yes
2131,TECHNESCAN TC 99M MERTIATIDE,No,Yes
2132,TECHNETIUM TC 99M MEDRONATE,Yes,Yes
2133,TECHNETIUM TC 99M MERTIATIDE,No,Yes
2134,TECHNETIUM TC 99M OXIDRONATE,No,Yes
2135,TECHNETIUM TC 99M SESTAMIBI,Yes,Yes
2136,TECHNETIUM TC 99M SULFUR COLLOID,Yes,Yes
2137,TECHNETIUM TC 99M SULFUR COLLOID KIT,Yes,Yes
2138,TECHNETIUM TC 99M-LABELED RED BLOOD CELLS,No,No
2139,TECHNETIUM TC-99M,No,Yes
2140,TECHNETIUM TC-99M EXAMETAZIME,No,Yes
2141,TECHNETIUM TC-99M SESTAMIBI,Yes,Yes
2142,TECHNETIUM TC99M GENERATOR,No,Yes
2143,TECHNETIUM TC99M PYROPHOSPHATE,Yes,No
2144,TECLISTAMAB,Yes,Yes
2145,TEDIZOLID PHOSPHATE,No,Yes
2146,TEGASEROD,Yes,Yes
2147,TELAVANCIN HYDROCHLORIDE,Yes,Yes
2148,TELITHROMYCIN,Yes,Yes
2149,TELMISARTAN,No,Yes
2150,TELOTRISTAT ETHYL,No,No
2151,TEMAZEPAM,No,Yes
2152,TEMAZEPAM CIV,No,Yes
2153,TEMOZOLOMIDE,No,Yes
2154,TEMSIROLIMUS,No,Yes
2155,TEMSIROLIMUS INJECTION,No,Yes
2156,TENAPANOR,No,No
2157,TENAPANOR HYDROCHLORIDE,No,No
2158,TENECTEPLASE,Yes,Yes
2159,TENOFOVIR ALAFENAMIDE,No,Yes
2160,TENOFOVIR DISOPROXIL FUMARATE,No,Yes
2161,TENOFOVIR DISOPROXIL FUMARATE TABLETS,No,Yes
2162,TENOFOVIR DISPROXIL FUMARATE,No,Yes
2163,TEPLIZUMAB-MZWV,No,Yes
2164,TEPOTINIB HYDROCHLORIDE,No,Yes
2165,TEPROTUMUMAB,No,Yes
2166,TERAZOSIN,Yes,Yes
2167,TERAZOSIN HYDROCHLORIDE,Yes,Yes
2168,TERBINAFINE,No,Yes
2169,TERBINAFINE HYDROCHLORIDE,No,Yes
2170,TERBINAFINE TABLETS 250 MG,No,Yes
2171,TERBUTALINE SULFATE,Yes,Yes
2172,TERCONAZOLE,No,Yes
2173,TERIFLUNOMIDE,Yes,Yes
2174,TERIPARATIDE,Yes,Yes
2175,TERLIPRESSIN,Yes,Yes
2176,TESAMORELIN,No,Yes
2177,TESTOSTERONE,Yes,Yes
2178,TESTOSTERONE CYPIONATE,Yes,Yes
2179,TESTOSTERONE ENANTHATE,Yes,Yes
2180,"TESTOSTERONE GEL, 1%",Yes,Yes
2181,TESTOSTERONE UNDECANOATE,Yes,No
2182,TETRABENAZINE,Yes,Yes
2183,TETRACAINE HYDROCHLORIDE,Yes,No
2184,TETRACYCLINE HYDROCHLORIDE,No,Yes
2185,TETRADECYL HYDROGEN SULFATE (ESTER),Yes,Yes
2186,TETRAKIS(2-METHOXYISOBUTYLISOCYANIDE)COPPER(I) TETRAFLUOROBORATE,Yes,Yes
2187,TETROFOSMIN,Yes,Yes
2188,TEZEPELUMAB-EKKO,Yes,Yes
2189,THALIDOMIDE,Yes,Yes
2190,"THALLOUS CHLORIDE, TL 201",Yes,Yes
2191,THEOPHYLLINE,Yes,No
2192,THEOPHYLLINE ANHYDROUS,Yes,No
2193,THIAMINE HCL,No,Yes
2194,THIAMINE HYDROCHLORIDE,Yes,Yes
2195,"THIAMINE HYDROCHLORIDE INJECTION, SOLUTION",No,Yes
2196,THIOGUANINE,No,No
2197,THIORIDAZINE HYDROCHLORIDE,Yes,Yes
2198,THIOTEPA,Yes,Yes
2199,THIOTHIXENE,Yes,Yes
2200,THYROTROPIN ALFA,Yes,Yes
2201,TIAGABINE,No,Yes
2202,TIAGABINE HYDROCHLORIDE,No,Yes
2203,TICAGRELOR,Yes,Yes
2204,TICLOPIDINE HYDROCHLORIDE,No,Yes
2205,TIGAN(R) (TRIMETHOBENZAMIDE HYDROCHLORIDE),No,Yes
2206,TIGECYCLINE,No,Yes
2207,TILDRAKIZUMAB-ASMN,No,Yes
2208,TIMOLOL,Yes,Yes
2209,TIMOLOL MALEATE,Yes,Yes
2210,TIMOLOL MALEATE OPHTHALMIC,Yes,Yes
2211,TIMOLOL MALEATE OPHTHALMIC GEL FORMING SOLUTION,Yes,Yes
2212,TIMOLOL MALEATE OPHTHALMIC GEL FORMING SOLUTION 0.25%; TIMOLOL MALEATE OPHTHALMIC GEL FORMING SOLUTION 0.5%,Yes,Yes
2213,"TIMOLOL MALEATE OPHTHALMIC GEL FORMING SOLUTION, 0.25%; TIMOLOL MALEATE OPHTHALMIC GEL FORMING SOLUTION, 0.5%",Yes,Yes
2214,TIMOLOL MALEATE OPHTHALMIC GEL FORMING; TIMOLOL MALEATE OPHTHALMIC GEL FORMING SOLUTION,Yes,Yes
2215,TINIDAZOLE,No,Yes
2216,TIOPRONIN,No,Yes
2217,TIPRANAVIR,Yes,Yes
2218,TIROFIBAN,No,Yes
2219,TIROFIBAN HYDROCHLORIDE,No,Yes
2220,TIRZEPATIDE,Yes,Yes
2221,TISLELIZUMAB,Yes,Yes
2222,TISOTUMAB VEDOTIN,No,Yes
2223,TIVOZANIB,Yes,Yes
2224,TIZANDINE,Yes,Yes
2225,TIZANIDINE,Yes,Yes
2226,TIZANIDINE HCL,Yes,Yes
2227,TIZANIDINE HYDROCHLORIDE,Yes,Yes
2228,TIZANIDNE HYDROCHLORIDE,Yes,Yes
2229,TOBRAMYCIN,No,Yes
2230,TOBRAMYCIN OPHTHALMIC SOLUTION,No,Yes
2231,TOBRAMYCIN SULFATE,No,Yes
2232,TOCILIZUMAB,No,Yes
2233,TOCILIZUMAB-AAZG,No,Yes
2234,TOFACITINIB,Yes,Yes
2235,TOFERSEN,No,No
2236,TOLCAPONE,Yes,Yes
2237,TOLMETIN SODIUM,Yes,Yes
2238,TOLTERODINE,Yes,Yes
2239,TOLTERODINE TARTARATE; TOLTERODINE TARTRATE,Yes,Yes
2240,TOLTERODINE TARTRATE,Yes,Yes
2241,TOLVAPTAN,No,Yes
2242,TOPIRAMATE,No,Yes
2243,TOPIRAMATE SPINKLE,No,Yes
2244,TOPIRAMATE TABLET,Yes,Yes
2245,TOPOTECAN,No,Yes
2246,TOPOTECAN HYDROCHLORIDE,No,Yes
2247,TOREMIFENE CITRATE,Yes,Yes
2248,TORIPALIMAB-TPZI,Yes,Yes
2249,TORSEMIDE,No,Yes
2250,TOVORAFENIB,No,Yes
2251,TOXICOLOGY SALIVA COLLECTION KIT,Yes,Yes
2252,TRABECTEDIN,Yes,Yes
2253,TRALOKINUMAB-LDRM,No,Yes
2254,TRAMADOL ER,No,Yes
2255,TRAMADOL HCL,Yes,Yes
2256,TRAMADOL HCL ER,Yes,Yes
2257,TRAMADOL HCL; TRAMADOL HYDROCHLORIDE,Yes,Yes
2258,TRAMADOL HYDROCHLORIDE,Yes,Yes
2259,TRAMETINIB,Yes,Yes
2260,TRANEXAMIC ACID,Yes,Yes
2261,TRANYLCYPROMINE,Yes,Yes
2262,TRANYLCYPROMINE SULFATE,Yes,Yes
2263,TRASTUZUMAB,Yes,Yes
2264,TRASTUZUMAB-ANNS,Yes,Yes
2265,TRASTUZUMAB-DKST,Yes,Yes
2266,TRASTUZUMAB-QYYP,Yes,Yes
2267,TRAVOPROST,Yes,Yes
2268,TRAVOPROST INTRACAMERAL,No,No
2269,TRAVOPROST OPHTHALMIC SOLUTION,Yes,Yes
2270,"TRAVOPROST OPHTHALMIC SOLUTION USP, 0.004%",No,Yes
2271,"TRAVOPROST OPHTHALMIC SOLUTION, 0.004%",Yes,Yes
2272,TRAZODONE,Yes,Yes
2273,TRAZODONE HCL,Yes,Yes
2274,TRAZODONE HYDROCHLORIDE,Yes,Yes
2275,TRAZODONE HYDROCHLORIDE; TRAZODONE HYDROCHORIDE,Yes,Yes
2276,TREMELIMUMAB,Yes,Yes
2277,TREPROSTINIL,Yes,No
2278,TRETINOIN,No,Yes
2279,TRIAMCINOLONE ACETONIDE,Yes,Yes
2280,TRIAMCINOLONE ACETONIDE EXTENDED-RELEASE INJECTABLE SUSPENSION,Yes,Yes
2281,TRIAMTERENE,Yes,Yes
2282,TRIAMTERENE CAPSULES,Yes,Yes
2283,TRIAZOLAM,No,Yes
2284,TRICLABENDAZOLE,Yes,Yes
2285,TRIENTINE,No,Yes
2286,TRIENTINE HYDROCHLORIDE,No,Yes
2287,TRIENTINE TETRAHYDROCHLORIDE,No,Yes
2288,TRIFLUOPERAZINE,Yes,Yes
2289,TRIFLUOPERAZINE HYDROCHLORIDE,Yes,Yes
2290,TRIFLURIDINE,No,Yes
2291,TRIHEPTANOIN,No,No
2292,TRIHEXYPHENIDYL HYDROCHLORIDE,Yes,Yes
2293,TRILACICLIB,Yes,Yes
2294,TRIMETHOBENZAMIDE,No,Yes
2295,TRIMETHOBENZAMIDE HYDROCHLORIDE,No,Yes
2296,TRIMETHOPRIM,No,Yes
2297,TRIMIPRAMINE MALEATE,Yes,Yes
2298,TRIPTORELIN,No,Yes
2299,TRIPTORELIN PAMOATE,Yes,Yes
2300,TRISODIUM CITRATE DIHYDRATE,Yes,No
2301,TROFINETIDE,No,No
2302,TROMETHAMINE,No,Yes
2303,TROPICAMIDE,Yes,Yes
2304,TROSPIUM CHLORIDE,Yes,Yes
2305,TROSPIUM CHLORIDE ER,Yes,Yes
2306,TRYPAN BLUE,No,No
2307,TUCATINIB,No,Yes
2308,UBLITUXIMAB,No,Yes
2309,UBROGEPANT,No,Yes
2310,ULIPRISTAL ACETATE,No,Yes
2311,ULTRAMICROSIZE GRISEOFULVIN,No,Yes
2312,ULTRAMICROSIZE GRISEOFULVIN TABLETS,No,Yes
2313,UMECLIDINIUM,Yes,Yes
2314,UREA C-13,No,No
2315,"UREA, C-14",No,No
2316,URIDINE TRIACETATE,No,No
2317,URSODIOL,No,Yes
2318,URSOSIOL,No,Yes
2319,USODIOL,No,Yes
2320,USTEKINUMAB,No,Yes
2321,VACCINIA IMMUNE GLOBULIN (HUMAN),No,Yes
2322,VADADUSTAT,Yes,No
2323,VALACYCLOVIR,No,Yes
2324,VALACYCLOVIR HYDROCHLORIDE,No,Yes
2325,VALACYCLOVIR; VALACYCLOVIR HYDROCHLORIDE,No,Yes
2326,VALBENAZINE,Yes,Yes
2327,VALGANCICLOVIR,No,Yes
2328,VALGANCICLOVIR HYDROCHLORIDE,No,Yes
2329,"VALGANCICLOVIR HYDROCHLORIDE POWDER,",No,Yes
2330,VALGANCICLOVIR; VALGANCICLOVIR HYDROCHLORIDE,No,Yes
2331,VALOCTOCOGENE ROXAPARVOVEC-RVOX,No,Yes
2332,VALPROATE SODIUM,No,Yes
2333,VALPROIC ACID,Yes,Yes
2334,VALRUBICIN,No,Yes
2335,VALRUBICIN INTRAVESICAL SOLUTION,No,Yes
2336,VALSARTAN,No,Yes
2337,VAMOROLONE,Yes,Yes
2338,VANCOMYCIN,Yes,Yes
2339,VANCOMYCIN HYDROCHLORIDE,Yes,Yes
2340,VARDENAFIL,Yes,Yes
2341,VARDENAFIL HYDROCHLORIDE,Yes,Yes
2342,VARENICLINE,No,No
2343,VARENICLINE TARTRATE,Yes,Yes
2344,VARENICLINE; VARENICLINE TARTRATE,Yes,Yes
2345,VASOPRESSIN,Yes,Yes
2346,VASOPRESSIN IN 0.9% SODIUM CHLORIDE,Yes,Yes
2347,VECURONIUM BROMIDE,No,Yes
2348,VEDOLIZUMAB,No,Yes
2349,VELAGLUCERASE ALFA,No,Yes
2350,VELMANASE ALFA-TYCV,Yes,Yes
2351,VEMURAFENIB,Yes,Yes
2352,VENETOCLAX,No,Yes
2353,VENLAFAXINE,Yes,Yes
2354,VENLAFAXINE HCL,Yes,Yes
2355,VENLAFAXINE HCL ER,Yes,Yes
2356,VENLAFAXINE HYDROCHLORIDE,Yes,Yes
2357,VENLAFAXINE HYDROCHLORIDE E-R,Yes,Yes
2358,"VENLAFAXINE HYDROCHLORIDE, EXTENDED RELEASE",Yes,Yes
2359,VENOFER (IRON SUCROSE),Yes,Yes
2360,VERAPAMIL HCI,Yes,Yes
2361,VERAPAMIL HCL,Yes,Yes
2362,VERAPAMIL HYDROCHLORIDE,Yes,Yes
2363,VERICIGUAT,No,No
2364,VERTEPORFIN FOR INJECTION,Yes,Yes
2365,VESTRONIDASE ALFA,No,Yes
2366,VIBEGRON,No,Yes
2367,VIGABATRIN,No,Yes
2368,VILAZODONE HYDROCHLORIDE,No,Yes
2369,VILOXAZINE HYDROCHLORIDE,Yes,No
2370,VILTOLARSEN,Yes,Yes
2371,VINBLASTINE SULFATE,Yes,Yes
2372,VINCRISTINE SULFATE,Yes,Yes
2373,VINORELBINE,Yes,Yes
2374,VISMODEGIB,No,Yes
2375,VITAMIN A PALMITATE,No,Yes
2376,VITAMIN D,Yes,No
2377,VITAMIN K1 - PHYTONADIONE,No,Yes
2378,"VITAMIN K1, PHYTONADIONE",No,Yes
2379,VIVOTIF-B,No,Yes
2380,VOCLOSPORIN,Yes,Yes
2381,VONOPRAZAN FUMARATE,Yes,Yes
2382,VORAPAXAR,No,Yes
2383,VORETIGENE NEPARVOVEC-RZYL,No,No
2384,VORICONAZOLE,Yes,Yes
2385,VORINOSTAT,Yes,Yes
2386,VORTIOXETINE,No,Yes
2387,VOSORITIDE,No,Yes
2388,VOXELOTOR,No,Yes
2389,VUTRISIRAN,Yes,Yes
2390,WARFARIN,No,Yes
2391,WARFARIN SODIUM,No,Yes
2392,WATER,No,No
2393,XYLOCAINE,Yes,Yes
2394,XYLOCAINE (LIDOCAINE HCL ),Yes,Yes
2395,ZAFIRLUKAST,No,Yes
2396,ZALEPLON,No,Yes
2397,ZANUBRUTINIB,Yes,Yes
2398,ZAVEGEPANT,No,Yes
2399,ZICONOTIDE ACETATE,No,Yes
2400,ZIDOVUDINE,Yes,Yes
2401,ZILEUTON,No,Yes
2402,ZILUCOPLAN,No,Yes
2403,ZINC ACETATE,No,No
2404,ZINC CHLORIDE,No,No
2405,ZINC SULFATE,No,No
2406,"ZINC SULFATE INJECTION,",No,Yes
2407,ZIPRASIDONE,No,No
2408,ZIPRASIDONE HCL,Yes,Yes
2409,ZIPRASIDONE HYDROCHLORIDE,Yes,Yes
2410,ZIPRASIDONE MESYLATE,Yes,Yes
2411,ZIV-AFLIBERCEPT,Yes,Yes
2412,ZOLEDRONIC ACID,Yes,Yes
2413,ZOLMITRIPTAN,Yes,Yes
2414,ZOLPIDEM TARTRATE,No,Yes
2415,ZOLPIDEM TARTRATE SUBLINGUAL,No,No
2416,ZONISAMIDE,Yes,Yes
2417,ZURANOLONE,No,Yes
